Post ID (DO NOT EDIT COL),1,2,3,4,5,6,7,8,9,10,11,12,13,14,15,16,17,18,19,20,21,22,23,24,25,26,27,28,29,30,31,32,33,34,35,36,37,38,39,40,41,42,43,44,45,46,47,48,49,50,51,,,,,,,,,,,,,,,,,,,,,,,,,,,,,,,,,,,,,,,,,,,,,,,,,,,,,,,,,,,,,,,,,,,,,,,,,,,,,,,,,,,,,,,,,,,,,,,,,,,,,,,,,,,,,,,,,,,,,,,,,,,
C-44eycs1H5,So beautiful ❣️,Such a relaxing atmosphere. I love to be alone with this majestic view.,It's so soothing 😍😍😍,🔥❤️,😍😍❤️❤️,😍😍😍😍😍🤍💕,❤️❤️❤️❤️❤️,Happy Thursday!😍,"This looks so calm and peaceful, but let's be real—if I sat by a pond like this, mosquitoes would ruin the vibe in two seconds flat.",Beautiful artwork 😍,Love it 🤩,❤️💕🤍💚💗,❤️❤️,❤️,🙄😎,😊😊😊,💕,💚💚💚,Your style is unmatched ! 🫶,😍👏,😮😍,🔥🔥🔥,😍😍😍😍😍😍😍😍😍,So Lovely 😍❤️,❤️❤️❤️❤️❤️❤️,👏👌🏻,❤️❤️❤️❤️💚,💗,😍,👍👍👍👍,😍😍😍😍😍,❤️❤️❤️,🤍✨🤍,😍😍😍,😍😍😍😍,💗💕💗💕💗💕💗💕💗💕💗,These pictures gave me so much peach 💚,😍😍,You soul will be peace and pleasant in your life. 😍😍😍,😩,Literally made my jaw drop,She is my imaginary girl 🙂‍↔️,Please provide me some prompts for this type of images.,💕💕,How it can be full frame,❤️❤️❤️❤️❤️❤️❤️,Healing💕,💕💕💕,This is peace 💚,🤍🤍🤍,,,,,,,,,,,,,,,,,,,,,,,,,,,,,,,,,,,,,,,,,,,,,,,,,,,,,,,,,,,,,,,,,,,,,,,,,,,,,,,,,,,,,,,,,,,,,,,,,,,,,,,,,,,,,,,,,,,,,,,,,,,,
DVMb9kqElDz,Simply outstanding 🔥🔥🔥,🔥😍🔥😍😍🔥😍👏,Out standind❤️,🔥🙌,🔥🔥🔥,"These are stunning images,  dear Katie💞💙💜💙💞",Absolutely incredible 🔥🔥,👍👍👍👍,Gorgeous! What’s Niji?👏👏👏💟💫,Incredible 😮😍🔥,❤️🌹❤️,🔥😍😍😍,❤️❤️❤️,😍😍😍😍😍😍😍❤️❤️❤️😮😮😮,Absofuckenlutely love it !,Wow I'd love to have these as my phone wallpaper 🔥🙌,I love these🔥🔥🔥🔥,Top,😍😍😍😍😍,❤️❤️❤️❤️❤️,❤️,✨✨✨💜✨✨✨,👏👏👏🔥🔥🔥❤️❤️ Awesomeness!!! Love them!! 😍,"Wow, these are pretty cool mate🔥🙌",My soul reaper Waiting for u,🔥🔥🔥🔥🔥🌀👑🌀☯️♾️⚛️⭐☀️💫🌙💥💥💥💥💥,Absolutely fantastic such artistry I salute you......,🔥🔥🔥🔥🔥🔥,👏👏👏👏👏👏,Wow that's great dear 😍😍😍,🔥🔥🔥🔥🔥🔥🔥,🔥👏🔥🙌💜💜💜✌️🌊🌠,🔥🔥🔥🔥,Amazing work 💯 your art style is unique and ideas are beyond words ⭐,Absoluty beautiful 😍🔥🔥😍,Incredible set🔥🔥🔥,👍👍👍👏👏,Woahhhh!! Breathtaking 😍,Incredible work 🔥🔥🔥,😍😍😍,Stunning artworks🔥🔥🔥🔥🔥🔥,Magical work🔥🔥🔥,Wooow 🔥🔥🔥 marvelous,Absolutly awesome work Katie. So very powerful.💜,😍😍🔥,Very beautiful 😍,Incredible 😮😮😮😮,Wowww fantastic!!!!😍😍😍😍😍😍,I really like those moons amd scythes😍🔥🔥,Yet another testament to your extraordinary vision.”✨✨,,,,,,,,,,,,,,,,,,,,,,,,,,,,,,,,,,,,,,,,,,,,,,,,,,,,,,,,,,,,,,,,,,,,,,,,,,,,,,,,,,,,,,,,,,,,,,,,,,,,,,,,,,,,,,,,,,,,,,,,,,,,
DNSWhv1uGjZ,"Oh darling, say👏it👏louder👏. Your vibe and art are clearly powerful - which some people just can’t handle.  YOU’RE AMAZING! SO IS YOUR ART! Big hugs 💖💜💖💜💖💜💖","Yes please, beautiful soul! 💖 Always community over competition. We’re each so uniquely made—meant to be cherished, not threatened. And I’ve actually listened to Lunchbox Friends so many times when I’ve felt the sting of unkindness too 🥰💖 Your energy and art are such a gift♥️ sending love always ✨",Preaching the truth💖💖💖,Powerful words under beautiful pieces. I’m glad you’re here and I’m sorry that’s been your experience recently.,So true!!! Thank you for your words 💫 Lets shine together 💎,Beautiful said and couldn't agree more💖💖💖💖💖,"Awww I could tell you were a sweetheart, I think you’re great and I love your work! 💖💖💖","So well said mandee for real🫂🙌❤️...you talented you creative & you friendly , I'm glad I'm not the only one that noticed this toxic narcissist ego trip some of them...and you not alone we support you and see you 🔥🙌❤️",☺️🩷,It’s nice to see real talk 💖 and well said ❤️‍🔥✨,Looking at beautiful pictures lifts my spirits 😆❤️❤️❤️,My lord. This is stunning 💖💖💖,👏🏾👏🏾👏🏾,Keep up the amazing work!! Love ya and will be a supporter of yours til the end 🩷🔪,"You come out with amazing art creations consistently, and that makes people hate out of jealousy! No le hagas caso a las amargadas pendejas envidiosas! Tu energia cuesta mas que ellas!❤️‍🔥✨️Eres unica - Amo todas tus magnificas creaciones! YOU ARE A MAGICAL FORCE OF LIGHT✨️🌟💖",Yes!! You are 🔥 don’t let anyone extinguish your light! Keep burning bright my sweetness!💕,❤️❤️❤️🔥🔥,Real talk 🔥🔥🔥 keep shinning and doing you,Beautifully said girlfriend. Did i mention the art? 😍. Your authenticity is your freedom girly. I love this,Yeah Youre right 👏🙌💖💖,Bringing a microphone.. louder for those in the back! Well said 💖💖💖💖👏👏,👏👏👏👏,"🖤 you're a Phenomenal talented woman inside & out & if they can't see that then they're missing out on all the greatness that's within yuh Queen 💅🏽 I'm glad I came across your page, yuh match my aura & inner & outer aesthetic & I'm here to stay as a loyal follower darling 💋","There’s plenty space for all of us because there’s a whole universe inside of everyone, creativity is infinite and I think every single person has million of ideas to explore 👏",Gorgeous,,,,,,,,,,,,,,,,,,,,,,,,,,Beautiful!!,,,,,,,,,,,,,,,,,,,,,,,,,,,,,,,,,,,,,,,,,,,,,,,,,,,,,,,,,,,,,,,,,,,,,,,,,,,,,,,,,,,,,,,,,,,,,,,,,,,,,,,,,,,,,,,,,,,,,,,,,,,
DMyBan2tx-f,❤️❤️❤️,❤️❤️😍,"If I ever see a telephone booth again, I’ll feel exactly like this inside 🙌",😍😍,✨💫,😍😍😍,🌺❤️💗🍁💐🌹,❤️❤️,Your work is incrdible 😍😍,❤️🔥❤️,💖💖💖,👏👏👏👏,"You have lovely, wonderful and eye-capturing creations.",😍😍😍😍,❤️,🔥🔥🔥,So beautiful ❤️,🩷🩷💚💚🩵🩵,Incredible 😍😍😍,I really like the idea! Do you mind if I take inspiration from your work?❤️,By AI or real paint by human?,Your phone booth is so cute!,❤️🙃🥰🙃🥰♥️,So beautiful 😍😍👏,,,,,,,,,,,,,,,,,,,,,,,,,,,,,,,,,,,,,,,,,,,,,,,,,,,,,,,,,,,,,,,,,,,,,,,,,,,,,,,,,,,,,,,,,,,,,,,,,,,,,,,,,,,,,,,,,,,,,,,,,,,,,,,,,,,,,,,,,,,,,,,,,,,,,,
DHOa6Ajt1dq,Adore this job 😍 sea horse so beautiful 💫,Wow beautiful,Very cool!,Hermoso 💚,❤️❤️❤️,🔥🔥🔥🔥,😍😍😍😍😍😍😍,Very beautiful ❤️❤️❤️,This is great 🙌❤️🙏🏼,😍😍😍🔥🔥🔥🔥🔥🔥🔥🔥🔥😮,I want that,😍😮😮😮😮😮😍😍😍😍😍😍,Que hermoso ❤️❤️❤️❤️,Can you make this clip a tad longer with the song? Gorgeous!,Need more shrimps 🦐,😍😍😍😍😍😍😍😍😍😍❤️❤️❤️❤️❤️❤️❤️❤️❤️,Hermoso,So beautiful 😍❤️,😍😍😍😍😍😍🔥🔥🔥🙌🙌,This is so creative😍😍,❤️❤️❤️❤️❤️🔥🔥🔥🔥🔥🔥🔥😢😢😢😢😢,Gorgeous,I want more sea animals 😂,The light reflecting is a galaxy of colours. 🌌,👏👏👏👏👏,❤️❤️❤️❤️❤️❤️,sea horse DIAMOND🔥,🔥🔥🔥🔥🔥👏👏👏👏👏👏,🔥,Ok Beautiful Crystals 🔥🔥🔥Always a crowd pleaser 🔥🔥🔥,TWINKLE TWINKLE  DIAMOND’S LIGHT’,😍🔥,😮😮😮😮,❤️❤️❤️❤️❤️😍😍😍😍😍😍,😍😍😍😍😍😍😍😍😍,👏👏👏,I love sea horses,😍😍😍,🔥🔥🔥,Oh wow it’s so beautiful that Christal seahorse😍😍😍,❤️❤️❤️❤️❤️❤️❤️❤️❤️,🖤💛❤️🌹,😍,😍😍❤️😍❤️😍❤️😍❤️😍😍,❤️❤️,❤️,This is absolutely stunning! The detail and sparkle are incredible. What AI tool did you use to create this? ✨,🔥🔥🔥🔥❤️,This is such an impressive piece! The details and the way the light reflects off the crystals make it feel alive. I'd love to learn more about your process. Counting down the days until I can see more from your collection!,❤️❤️❤️❤️,,,,,,,,,,,,,,,,,,,,,,,,,,,,,,,,,,,,,,,,,,,,,,,,,,,,,,,,,,,,,,,,,,,,,,,,,,,,,,,,,,,,,,,,,,,,,,,,,,,,,,,,,,,,,,,,,,,,,,,,,,,,
C0sQkLEPkyC,That's why the kids have to be in bed! 😮👏👏,🤣😂🤣🙈🎅🏽🎄💀,🌲⭐️,This is metal 🤘,Yesss bro this is it,I think 2 sleighs 🤘,❤️❤️❤️,Damnnnn these are so cool haha will love to ride on those badass sleigh 😂😍🙌,These are incredible,Is this what santa rides when he's delivering coal to satan in hell?,🔥,Love it 🔥🔥,,,,,,,,,,,,,,,,,,,,,,,,,,,,,,,,,,,,,,,,,,,,,,,,,,,,,,,,,,,,,,,,,,,,,,,,,,,,,,,,,,,,,,,,,,,,,,,,,,,,,,,,,,,,,,,,,,,,,,,,,,,,,,,,,,,,,,,,,,,,,,,,,,,,,,,,,,,,,,,,,,
DQcyILfj1Nx,🤍🤍🌟🙌🖤,👏👏👏👏,🔥🔥🔥,👏👏,🔥🖤🤍🖤,This is super cool work as always 😍😍,😍😍😍,😍😍😍😍,Looove this 🔥🔥🔥,🙌👏👏👏👏👏👏👏👏,Love this! The light spots in pic 2 add such a warm glow 😍,🤍🤍💥,🖤👏🔥,"Classic wheels in these visual scenes, shakes as sculpture in the snow 🔥",🔥🔥🔥🔥🔥,Love this,I prefer them to be tirelessly wrapped as well… much better than crowding the roads...,😍👏👏,,,,,,,,,,,,,,,,,,,,,,,,,,,,,,,,,,,,,,,,,,,,,,,,,,,,,,,,,,,,,,,,,,,,,,,,,,,,,,,,,,,,,,,,,,,,,,,,,,,,,,,,,,,,,,,,,,,,,,,,,,,,,,,,,,,,,,,,,,,,,,,,,,,,,,,,,,,,
DQhcx5VDMHT,😮,😍😍😍,❤️❤️❤️,😍😍,👏❤️🔥,😍😍😍😍😍,"Oh, that is a happy soul! 😊",❤️,🔥🔥,The smile is soo contagious !!!❤️❤️❤️,So uplifting 😍😍😍,Oh she's lovely,Ooooh trop chou 👏❤️,👏👏,Lovely piece,😍😍😍😍👏👏👏,Happy! This made me smile. 😊❤️,🔥,Stunning.  Is this digital?,So beautiful ❤️❤️❤️,Watercolor dreams in red,❤️❤️👏👏👏❤️❤️,Beautiful work ❤️❤️❤️,👏👏👏,👏👏👏👏👏😍🩷🩷🩷,"Wow, this is absolutely stunning! 😍✨",So lovely and lively! Beautiful art! 👏🏻👏🏻👏🏻♥️♥️,Gorgeous,😍❤️❤️👏👏,😍💕🥰❤️,❤️❤️,❤️❤️❤️❤️,🔥🔥👏👏❤️❤️,Totally amazing!!!😍😍😍👏👏,😍🔥🔥❤️❤️❤️,Love the energy! 🔥 🔥 🔥,🧡🩷,😍❤️😍❤️😍❤️❤️,🧡🩷💛,👏👏🔥❤️,😍,😍😍😍👏👏,Incredibly awesome work ❤️❤️❤️❤️😍😍😍👏🔥🔥,Gorgeous ❤️❤️,👉💯💯💯👈,❤️‍🔥😎❤️‍🔥,,,,,,,,,,,,,,,,,,,,,,,,,,,,,,,,,,,,,,,,,,,,,,,,,,,,,,,,,,,,,,,,,,,,,,,,,,,,,,,,,,,,,,,,,,,,,,,,,,,,,,,,,,,,,,,,,,,,,,,,,,,,,,,,
DVYkAyEDF9p,😍😍😍,👏😍😍😍,"This is truly a magical work—it doesn’t just capture the eye, but touches the heart 💘 You’ve created a dream where feelings can be felt and soulful heal 🫶 Thank you for making and sharing this with us ✨ Absolutely gorgeous ☀️",😍😍👏👏❤️❤️❤️,Gorgeous!,,,,,,,,,,,,,,,,,,,,,,,,,,,,,,,,,,,,,,,,,,,,,,,,,,,,,,,,,,,,,,,,,,,,,,,,,,,,,,,,,,,,,,,,,,,,,,,,,,,,,,,,,,,,,,,,,,,,,,,,,,,,,,,,,,,,,,,,,,,,,,,,,,,,,,,,,,,,,,,,,,,,,,,,,
Co-OeX8tLU-,🔥,"Great work🔥, I love the shapes and colors😍",Wow great concept and design,Crazy good! Keep it up 👏,Wonderful 🔥,How did you do it? 😯,,,,,,,,,,,,,,,,,,,,,,,,,,,,,,,,,,,,,,,,,,,,,,,,,,,,,,,,,,,,,,,,,,,,,,,,,,,,,,,,,,,,,,,,,,,,,,,,,,,,,,,,,,,,,,,,,,,,,,,,,,,,,,,,,,,,,,,,,,,,,,,,,,,,,,,,,,,,,,,,,,,,,,,,
DS46sWajEKe,La obra de arte de Dios es el cielo y la naturaleza sin duda alguna 😍❤️,Wow 🔥🔥🔥😍,😍😍😍,,"O extraordinário é tão longe, e tão perto ao mesmo tempo ❤️‍🔥",O sonho da minha vida morar literalmente no meio do mato🥹😍❤️❤️,Que belleza total xd😍❤️,,,😮 yes men,🥹🫠😻,😍,😍😍,Vinland Vibes 😭🌟,Peaceeeeeee🖤,❤️,❤️😍,,اريد العيش هنا😭😣,,👏👏,😍😍😍😍👏👏👏😍😍😍,😍,Lindíssimo 🌈🌈🌈🌈🌈🏠🏠🏠,😍,😍😍😍😍👏👏👏,🧡😍,😍😍😍,👏👏👏,❤️🙌❤️,Amo a música e a vibe 😍,😍,Nossa 🥹,😢😍😍hermoso,❤️,😍😍,❤️😍🔥,❤️❤️❤️,🌄🖤,🙌😍,🌒😍,😍😍,هذه الدنيا كيف الجنه ؟! 😍,عادي اخذهم ؟,😍😍😍😍😍,😍,मेरा सपना था कि मैं इस तरह की जगह पर बस जाऊं😢❤️❤️😍,How do you upload such large images? How does the image size get so big?,😍,😍😍😍,,,,,,,,,,,,,,,,,,,,,,,,,,,,,,,,,,,,,,,,,,,,,,,,,,,,,,,,,,,,,,,,,,,,,,,,,,,,,,,,,,,,,,,,,,,,,,,,,,,,,,,,,,,,,,,,,,,,,,,,,,,,
DT5TuKfjWvD,👏😍,3rd image ❤️,so sad,😢,"While I see a distraught penguin, I can't help but applaud (and envy) the courage to make the (tough) call. One might say it's giving up, while it could also be coming to terms with the situations! So much to interpret, so little to infer.",The second one is besttt,Too good boss!! 🥹,😢😢😢esob valo lage na,Send me this post 💝✨,#spchowdhuryphotography #anatarctica #penguinz0 #depressed #pingu #anarcticadventure #kolkata_lanes #kolkataphotography #cinematicphotography #cinematiclook #cinelook #200mm #16mm #16mmfilm #wildlifephotography #wildlifeplanet #aiartwork #aiartcomm #aiphotographer #aiphotoedit #aiphotoediting #aiartistcommunity,"The Japanese macaque meme taught me this penguin's story, and it made me very sad and helpless, just like global warming is unstoppable. I couldn't imagine how I could have helped it if I had wanted to. It also reminded me of many BBC documentaries where multiple photographers, watching groups of penguins, wept, thinking about how their species would disappear in a few decades. I wanted to accompany that penguin, to walk with it into the Antarctic interior, to see what it was searching for. I was heartbroken, but there was nothing I could do.",Send me this post ✨💖,,,,,,,,,,,,,,,,,,,,,,,,,,,,,,,,,,,,,,,,,,,,,,,,,,,,,,,,,,,,,,,,,,,,,,,,,,,,,,,,,,,,,,,,,,,,,,,,,,,,,,,,,,,,,,,,,,,,,,,,,,,,,,,,,,,,,,,,,,,,,,,,,,,,,,,,,,,,,,,,,,
DPZX0snCLqL,👏👏👏😍😍,🤩 Fantastic! ✨ Love the light(s)!!!!,😍👏,These are absolutely beautiful my dear Annette stunningly stunningly beautiful and christmasy too. ❤️❤️❤️❤️,So cute 🔥🔥🧡,Stuunninngggg😍😍😍😍😍😍😍,Gorgeous😍😍😍,Perfect!! ❤️,So stunning ❤️❤️❤️,so gorgeous ❤️👏,So beautiful 🤎❤️🧡💛,😮😍😮😍👏😍👏😍❤️😍❤️😍,❤️❤️❤️Bellissimo,cozy! 🤍🤗🍁🍂,Wonderful work my dear ❤️❤️❤️,So beautiful😍🍁😍🍁✨,😍😍😍👏,😍😍 Charming 🧡,AMAZING 😍😍😍,Simply Magnificent !😍👏🍁✨🍂,So cute ❤️❤️,So beautiful!! ❤️❤️❤️,So beautiful! ☺️,Golden hour beauty 😍😍😍 bravo!!!,😍😍😍😍😍😍😍,Lovely 🔥🔥🙌😍,Very beautiful 😍😍😍,I love these! They're all so pretty!,Truly captivating🍁🍂❤️💛🧡🍂🍁,🔥🔥🔥,"✨ohhhhh I love when you go glittery, Ann!!! I love the inspiration image and yours are SO beautiful too!!! 😍😍😍",Precious 💕💖,🔥❤️🔥,Really beautiful 🔥🔥🔥🔥😍😍,Oh! It's magical ✨️😍,absolutely stunning I love your works so much👏🏻😍✨,So beautiful 😍,Magnifique😍😍😍😍😍,So schön und magisch💛👏👏,Truly beautiful and so adorable. Wonderful autumn vibes. 🥰🍂🍁🍂💯,✨️😍so schön❤️✨️,"Ich finde diese Arbeit einfach traumhaft, so schöne Farben, tolles Lächeln… wünderschön ❤️❤️❤️",Love the warmth and autumn vibe 🍁,Sehr hübsch ❤️✨🍁,Beautiful 😍,👏👏👏,Simply beautiful and uplifting.,Woooow 🔥🔥🔥😍,,,,,,,,,,,,,,,,,,,,,,,,,,,,,,,,,,,,,,,,,,,,,,,,,,,,,,,,,,,,,,,,,,,,,,,,,,,,,,,,,,,,,,,,,,,,,,,,,,,,,,,,,,,,,,,,,,,,,,,,,,,,,,
DVD1_XvCDTi,,😢😍😍😍,Great 😍🔥,Awesome,😍,🔥🔥😍,😍😍😍,😍😍😍😍,❤️,😍😍😍😍,😍😍,❤️,Cute ❤️,😍😍❤️,❤️😍❤️😍❤️😍😍,Walle❤️😍😍,Cutee😍😍😍😍,Sweety ❤️,Amazing 😍,❤️🥰💫,❤️❤️,❤️❤️😍😍,Gorgeous ❤️❤️❤️,Great ❤️❤️❤️,So cute😍😍😍,So lovely set 👏😍,Can I have photo number 4? Can you send it to me?,❤️❤️❤️,Wall E 😍😍,💝💝💝,❤️❤️❤️❤️❤️,😍,❤️,🔥,❤️❤️❤️😍😍😍,😊🤍❤️,Hermoso,Absolutely love wall-e!!!!!!😍❤️ beautiful done,Absolutely Gorgeous ❤️,Awww😍😍😍😍,Love Walle-e with beautiful flowers on his head. 💛💛♻️💐💐,❤️Sweet sweet Walle E❤️😍,🙌🙌🙌 Snd this picture @the._art.factory 🍁,❤️❤️❤️❤️❤️❤️❤️,😍😍😍😍😍😍😍,❤️❤️❤️❤️❤️❤️❤️,,,,,,,,,,,,,,,,,,,,,,,,,,,,,,,,,,,,,,,,,,,,,,,,,,,,,,,,,,,,,,,,,,,,,,,,,,,,,,,,,,,,,,,,,,,,,,,,,,,,,,,,,,,,,,,,,,,,,,,,,,,,,,,,
DLGLX5bIe9Q,🔥🔥🔥,Aw I can’t believe I’m just now seeing these! They came out great!,Beautiful ❤️❤️❤️❤️❤️,Beautifull 💚💚💚💚💚,🔥🔥,This gives so much dopamine to look at. I love pink,Love how the cat change alongside the styling! ❤️,Nice! 🔥❤️❤️❤️,🩷🩷🩷,Mood: locked in. Eyes: definitely still here 👀,,,,,,,,,,,,,,,,,,,,,,,,,,,,,,,,,,,,,,,,,,,,,,,,,,,,,,,,,,,,,,,,,,,,,,,,,,,,,,,,,,,,,,,,,,,,,,,,,,,,,,,,,,,,,,,,,,,,,,,,,,,,,,,,,,,,,,,,,,,,,,,,,,,,,,,,,,,,,,,,,,,,
DU2oB0uCOGt,🔥🔥🔥,Amazing 🔥🔥🔥,,"Magnifique, je suis admirative devant de créativité 👏👏🔥🔥",WOW!!🔥 Really Magnificent set!🔥🔥🐴🌹🔥🔥 Well done!!!🔥🔥👏🏻👏🏻👏🏻👏🏻👏🏻,"Wow, amazing 🔥🔥🖤🖤😍😍",Beautiful work ❤️❤️❤️❤️❤️,❤️❤️❤️❤️,😍😍beautiful,Wonderful 🔥,So beautiful 💙💙✨️,Absolutely stunning my friend ❤️❤️🔥❤️❤️👏,Very beautiful😍😍😍😍😍,Awesome 🔥😍🔥😍,🔥🔥🔥,Amazing work 👍👌👏🔥🔥🔥😍❤️,Beautiful work 😍😍👏🔥👏❤️❤️,Just amazing as always Charlize! ❤️‍🔥❤️‍🔥❤️‍🔥❤️‍🔥❤️‍🔥,Very beautiful 😍🔥🔥🔥,Gorgeous 🔥🔥🔥🔥,"Incredibly gorgeous work, darling 👏👏👏👏❤️❤️❤️🔥🔥🔥🐎🐎🐎🌸🌸🌸",🔥🔥🔥 Fire horse year ❤️‍🔥❤️‍🔥❤️‍🔥,,Fantastic work 😍🔥❤️😍,❤️❤️❤️❤️,"Wow, absolutely fantastic work ❤️‍🔥 ✨ ❤️‍🔥 ✨ ❤️‍🔥",Happy New Year!! ❤️❤️🔥🔥❤️❤️,❤️,👏👏👏🔥🔥🔥🔥👏🔥🔥,❤️❤️❤️,gorgeous ❤️❤️,Love❤️❤️❤️❤️❤️❤️,><><><><Ateş Atı Yılı<><><><> ?¿?¿?¿Miladi Takvim Yılı?¿?¿?¿ ======== 2026 ======== ====İKİBİNYİRMİALTI===== 2=İKİ 0=BİN 2=YİRMİ 6=ALTI,,,,,,,,,,,,,,,,,,,,,,,,,,,,,,,,,,,,,,,,,,,,,,,,,,,,,,,,,,,,,,,,,,,,,,,,,,,,,,,,,,,,,,,,,,,,,,,,,,,,,,,,,,,,,,,,,,,,,,,,,,,,,,,,,,,,,,,,,,,,,
DKYASe8Ivyo,超綺麗😍♥️💕,❤️,Fabulous ❤️❤️❤️❤️❤️,😍😍❤️❤️,❤️,😍😍,Breathtaking 😍😍😍,So beautiful and magical ❤️❤️❤️😍😍😍,❤️❤️beautiful,😍😍😍😍🩷🩷🩷🩵🩵🩵,😍Amazing ❤️❤️👏👏👏,Beautiful 💙💜🩷,gorgeous 😍,😍😍😍,✨💞✨,Gorgeous 😍🔥😍,"Wow, that's amazing! ❤️‍🔥❤️‍🔥❤️‍🔥",😍😍😍😍,😍🔥,,,,,,,,,,,,,,,,,,,,,,,,,,,,,,,,,,,,,,,,,,,,,,,,,,,,,,,,,,,,,,,,,,,,,,,,,,,,,,,,,,,,,,,,,,,,,,,,,,,,,,,,,,,,,,,,,,,,,,,,,,,,,,,,,,,,,,,,,,,,,,,,,,,,,,,,,,,
DRPrkoRDOoZ,Phenomenal Set Bro 🔥 love the 3rd one❤️,👏🙌❤️😍 great work bro,I would totally Wear that suite 😍,So awesome friend!! Love these so much 🔥🔥🔥🔥🔥😍,Perfect 👏,Sleek 🔥🔥,Que lindo 😍,Stunning my friend 🖤🥰🖤💯♥️,Awsomee dudee🔥🔥,😍😍,Wowww stunning!!!😍😍😍👏👏👏,"Nice job, beautiful lighting ❤️",Örümcek adam 😮😍❤️,Very dope 👏👏,Very cool concept. Well done! ✌️🎉,"Woww honey, this looks perfect😍👏",Very deteiled 😍,,😍❤️😍❤️😍❤️,🔥🔥🔥,🔥🔥🔥🔥,😍😍😍😍,🔥🔥🔥,😍😍😍,❤️❤️❤️❤️,😍😍😍,🔥🔥🔥,👏👏,👏👏👏,🙌🙌🙌❤️,Awesome work 🔥🔥,Nice my friend ❤️❤️❤️🙌👏,❤️🙌,👏Wow 🤩 Can you #send #me this #work 👐🏻,,,,,,,,,,,,,,,,,,,,,,,,,,,,,,,,,,,,,,,,,,,,,,,,,,,,,,,,,,,,,,,,,,,,,,,,,,,,,,,,,,,,,,,,,,,,,,,,,,,,,,,,,,,,,,,,,,,,,,,,,,,,,,,,,,,,,,,,,,,,
DQjRfrPkmrF,👏👏👏👏👏,😍😍,👏👏,Fabulous 😍,This is beautiful,"Oh my! I adore the sea and dolphins! I am def stealing this creation - not to credit it as mine, evidently, but to admire it in my phone gallery 🤭",Yes feeling the ☀️☀️,Do you like the feeling of the sun on your skin after a good swim?,,,,,,,,,,,,,,,,,,,,,,,,,,,,,,,,,,,,,,,,,,,,,,,,,,,,,,,,,,,,,,,,,,,,,,,,,,,,,,,,,,,,,,,,,,,,,,,,,,,,,,,,,,,,,,,,,,,,,,,,,,,,,,,,,,,,,,,,,,,,,,,,,,,,,,,,,,,,,,,,,,,,,,
DScKTvjDD6e,❤️❤️❤️,❤️😻❤️,🎀🎀🎀🎀,🔥🔥🔥🔥🔥🔥🔥🔥,😍😍😍😍😍😍😍❤️❤️🔥🔥🔥,🎄🎄🎄🎄,🎅🎅🎅🎅,Waaaw fantastic 😍😍😍😍😍,Lindo🙌🙌🙌,Cuties 😍❤️😍❤️,Guten Morgen wünsche einen schönen Mittwoch ❤️❤️😆👏♥️🫂🫂🫂🫂🫂🫂🫂🫂🫂🫂🫂,"Wow, so sweet 🎄🐈🎄🐈🎄",,,,,,,,,,,,,,,,,,,,,,,,,,,,,,,,,,,,,,,,,,,,,,,,,,,,,,,,,,,,,,,,,,,,,,,,,,,,,,,,,,,,,,,,,,,,,,,,,,,,,,,,,,,,,,,,,,,,,,,,,,,,,,,,,,,,,,,,,,,,,,,,,,,,,,,,,,,,,,,,,,
DSlL18bDEhJ,So beautiful ❤️❤️❤️❤️,Sugárzóan gyönyörű!❤️🔥👏👏,I❤️ART,Beautiful ❤️,🔥🔥🔥❤️❤️❤️,Beautiful ❤️,❤️❤️😍😍🔥🔥👏👏,😍❤️❤️❤️,💯❤️,❤️🔥,❤️❤️❤️🔥🔥 Beautiful 👏👏👏✨️😍✨️🤗,😍😍😍😍,Great work Gabriella ✨,So so beautiful 😍😍❤️❤️,Stunning,Faz um desenho meu😍,❤️❤️❤️❤️❤️,🔥🔥🔥🔥🔥🔥🔥🔥👏🔥🔥❤️,😍😍😍😍😍❤️❤️❤️💐💐💐🌺🌺🌺🌺💖,❤️❤️🔥❤️❤️,Geweldig mooi😍,Stunning ❤️,😍😍😍😍😍😍😍😍😍🔥🔥❤️❤️,magnificent creation I love your works they are great 👏🏻😊😎,Amazingly beautiful ❤️❤️❤️❤️❤️❤️❤️❤️,👏,,,,,,,,,,,,,,,,,,,,,,,,,,,,,,,,,,,,,,,,,,,,,,,,,,,,,,,,,,,,,,,,,,,,,,,,,,,,,,,,,,,,,,,,,,,,,,,,,,,,,,,,,,,,,,,,,,,,,,,,,,,,,,,,,,,,,,,,,,,,,,,,,,,,
DRhZaJnASMQ,Amazing 😍,Mesmerizing ❤️,Wonderful,😍,Wow 🔥🔥,🔥🔥🔥incredible,Celestial witness,Wow I love how beautiful this sky is,🔥❤️🔥,🔥,😍😍😍,Wow😍,💯❤️,😍🔥,😍😍😍,❤️,What is the name of the song? 🇧🇷👏👏👏,I loved this Unreal Imagination of yourself to Create 😍this beautiful world,So cool😍👍🏻,👏👏👏👏,"Wow, it's so stunning. It's so beautiful to me",😍 brilliant,🙌,👏👏👏😍,❤️,❤️,❤️❤️,Beauty,,Infinite sukuyomi 😍,Nice,✨ This looks epic!!! 👻,😍😍🔥,🔥🔥🔥,❤️❤️❤️,🔥🔥,👏👏👏👏,❤️,Substantial. 👁️,🔥,😍🔥🔥,Beautiful Work 👏,Nice ❤️😍,🙌🔥,👏🔥,Absolutely beautiful and gorgeous 😍😍😍😍🥰🥰🥰🥰🥰🥰🥰🥰😮😮😮😮😮😮🤩🤩🤩🤩🤩🤩😘😘,Fantastic ❤️😊😊👍👍,Great,Nice,Cool,,,,,,,,,,,,,,,,,,,,,,,,,,,,,,,,,,,,,,,,,,,,,,,,,,,,,,,,,,,,,,,,,,,,,,,,,,,,,,,,,,,,,,,,,,,,,,,,,,,,,,,,,,,,,,,,,,,,,,,,,,,,
DLSxcoJNlxg,"Freedom, she is a representation of the young people wanting to be free in this world. She is the spirit of Freedom. I dreamed and you also. ✨️✨️✨️",My soul is touched,"Только тот, кому снился такой сон, поймёт это чувство 💔",Thank you for making my dream come true.,"i believe this is what my mom is doing right now in heaven,, last may was her 57th birthday, but God wanted her to be forever 55 years old.. Rest in love my dear Mother.. until we meet again❤️ from your forever little boy.","I always see myself flying in my dreams. I used to wish so deeply to have such a power — to be able to fly. This video really touched me. After watching it closely, I closed my eyes and found myself inside the music, inside the video — it felt like I was truly flying.","Все жизнь мне снятся такие сны😍 Не знаю, что они значат, но это мое любимое кино 🥹",حُلمي الدائم نومًا ويقظةً 🤎,"Самое большое удручающее обстоятельство в жизни, что эволюция не дала возможности людям летать.",Man Tushimda Xuddi shunaqa uchaman😍😂,Finally good IA videos,That 3 am dreams be like🌝,"Igual meu sonhos indo no banheiro, quando acordo tá um monte de água igual tá aí 🥲",Best ai video 😍✨,I'm in my dreams 😂 exactly,Literal mis sueños,⁨شبیه خوابم بود 🥺🤍⁩,One of the Best AI Videos,"Já vivi isso muitas vezes , nos meus sonhos foi tão real❤️",,Así me imagino que es la muerte. O la vida de los libres.,اريد,"I posted this incredible video on my story today, and a lot of people said they thought it was me… i watched it a hundred times, as if i were her… thank u for making things like that",This is like: Dreams come true,Tushlarimda xuddi shunaqa uchaman😍,the pov of Wendy going to Neverland,What a time to be alive. This footage is incredible! Very impressive work. Mind-blowing 🤯,Всегда мечтала посмотреть свои вот такие летающие сны в видеозаписи😍,Мои сны в 80%,Why can't i fly like this too😭😭🔥🔥,Sometimes AI is sweet✨🤍,Мечта 😍,this is good,Это же мой сон🥹🙏🏼🫶🏼,One of the best-made AI art pieces I've ever seen on Instagram.,"Я так умела летать когда то, только не помню когда",please could you tell me what AI is this? And how hard is make video of this quality?,мои сны..,how i imagine her,My dreams 🙌✨🤍,My Dream🥹✨,Had dreams like thisn😍,,شب که می‌شود:,We dream of walking over water because Jesus Christ did it first 🙌🔥,🥹✨,Can sharks jump out?,The blaze - dreamer,😍,Que sensação boa!!!,,,,,,,,,,,,,,,,,,,,,,,,,,,,,,,,,,,,,,,,,,,,,,,,,,,,,,,,,,,,,,,,,,,,,,,,,,,,,,,,,,,,,,,,,,,,,,,,,,,,,,,,,,,,,,,,,,,,,,,,,,,,
DEglt6Xy4zZ,Amazing 🙌,❤️❤️,😍😍😍😍,Lindo!❤️,@stevenmrankin ❤️,Nice scene ❤️,"She rejected him. Might be nature beautiful, but not her nature.",Incredible 🔥,❤️,😮😮😮🔥,Wow lily ❤️,😍❤️,Sangar🔥,❤️❤️,❤️❤️❤️,😍,❤️❤️,❤️,❤️❤️❤️❤️❤️❤️,🔥🔥🔥,,😮😍,Unmatched beauty,Wow 😍😍,🌸🏵️🤍,❤️,Love this atmosphere 🌙💫,❤️,Wow amazing 🔥🔥,We need to protect nature. Support local wildlife charities anything helps,❤️😍😍,Nice,😍😍😍,❤️,Wow 😍,Magnifique 👏,Wow ❤️,Wow!!😍🔥👏,Beautiful,😍😍😍,😢,Как прекрасно,Amazing 👏👏👏👏,❤️,Simply breathtaking 😍,❤️😍,Beautiful 😍,😍,Wow 😍,Fantastica,,,,,,,,,,,,,,,,,,,,,,,,,,,,,,,,,,,,,,,,,,,,,,,,,,,,,,,,,,,,,,,,,,,,,,,,,,,,,,,,,,,,,,,,,,,,,,,,,,,,,,,,,,,,,,,,,,,,,,,,,,,,
CikP68Ej7du,🔥,Breathtaking peace 😍,Divine view ❤️,🔥🔥,Feeling like paradise 😍✨✨,Such a beautiful looking creation.,I love the music 🔥,❤️,"Great job artist, I want to be as good some day",Wow😮😍,😍 dramatic,,Uwais Al Qarane Dhikr is the solution to all your problems. It is the healing for your soul and your body. It draws you closer to Allah with love. Uwais Al Qarane Dhikr is a divine favor and a precious treasure from Allah to His servants. Follow @loveofuwaysi The best dhikr is Uwais Al Qarane Dhikr www.veyselkarane.com,"This is an invitation, a residue rather than a picture. Yes I'll stay for a while",Nice one,Nice 🔥🔥❤️,🙌,🔥🔥,Some paths don't reveal where they lead... only that you are meant to climb. The light remembers you. ✨,Bridge to heaven 🔥,Night heaven 💖,It has a peacefulness that reminds me of a Monet painting.,So goood,We are selecting 7 artists for a filmed residency. You’d be strong. Apply on our profile. 💥💥,(.),Thats what I would call home 💫,Amaizing motion picture! Great digital artcraft!,Take me now please,😍😍😍😍😍,😍🔥👏,😮😮😮nice,You can’t Fathom what it really looks like 🙏🏾,👏,Ikstra ordinire,Yes where my loved ones are who I am missing terribly and crying over two three days straight it hurts ❤️❤️❤️,https://hoter.co/A/106420pgw,https://hoter.co/A/106420pgw,😮😮,@b_the_gaaz,i wanna run up there one day.❤️,Avino Jaacobs stege till himmelen der Hashem er!,😇🙏🏽❤️😢🔥,Amen I love you jesus and God ❤️🙌❤️🙌,🙌,❤️🙌👏,AMEN PADRE CELESTIAL AMEN AMEN AMEN AMEN AMEN AMEN AMEN AMEN,"This is so beautiful, Amen, can't wait for that day, I'm so anxious and excited to be with my Lord and God I am ready when he comes",😂😂,I want to go home,@maydns_,,,,,,,,,,,,,,,,,,,,,,,,,,,,,,,,,,,,,,,,,,,,,,,,,,,,,,,,,,,,,,,,,,,,,,,,,,,,,,,,,,,,,,,,,,,,,,,,,,,,,,,,,,,,,,,,,,,,,,,,,,,,
C3oeAHmu5gB,can I draw this?🥹😏,. . . Merit - Mérito,😍😍😍😍🌟🌟🌟🌟◻️◻️◻️❤️🎈🌹,That blue is so beautiful ✨💙🩵,Gorgeous,Se parece a mis sueños 💙,🔥 Looks Amazon,Anya,Amazing ❤️ Wonderful,Imagine just sitting here and sipping a glass of wine and unwinding the life❤️🔥,❤️👏,Me encanta ❤️,I love light houses and the ocean,❤️❤️,Its my dream,It's giving hilda🥹,magical,Gorgeous!,Красиво,So beautiful ❤️,😍😍😍,❤️,This looks like the Portland head light,😍😍,🙌❤️,😍😍😍😍😍,🔥🔥,😍🙌❤️❤️❤️,@guilojujuy,Epic😍,@blue_moon_226,❤️😍,So dreamy,😍😍😍😍,This is gorgeous! Be still my heart! 💙,Allí en ese cielo brilla José Luis todas las noches ❤️ esperando justicia y así será,This is SOOOOO beautiful!!! ❤️,"I wish there were longer clips, could watch them for ages",😍😍😍,Amazing 😍,😍,,,,,,,,,,,,,,,,,,,,,,,,,,,,,,,,,,,,,,,,,,,,,,,,,,,,,,,,,,,,,,,,,,,,,,,,,,,,,,,,,,,,,,,,,,,,,,,,,,,,,,,,,,,,,,,,,,,,,,,,,,,,,,,,,,,,,
DOtnkYcCt1X,"Set them free, let them rise, and reach for the stars they've always dreamed of. They deserve to shine brighter... 🕊️🤍",Пусть будут крылья всегда 🪽- небо найдется 🤍🤍🤍,"One step of hope, a thousand steps of courage 🥹🪽","was just sitting here thinking about how hard we all work for our kids. Sometimes we feel exhausted, but then we look at their sleeping faces and it’s all worth it. ❤️ I just posted a deep 'Mother’s Prayer' on my profile for anyone who needs a little extra strength today. It’s a reminder that you are doing an amazing job, Mama. 🕊️✨ Feel free to stop by my page if you need a daily dose of peace. We’re in this together! 🤱""",🕊️🤍🕊️🤍🕊️🤍🕊️🤍🕊️,💕🦋,😍,Perhaps freedom can only be taken away...❤️❤️❤️dearest Farsan the sun shines for all... the moon shines for all let the wind lift us... I love your work always refreshing and uplifting ❤️❤️❤️❤️,🤍🕊️🕊️😍,ایران🇮🇷🇮🇷🇮🇷🇮🇷🇮🇷🇮🇷,☀️🕊️✨🤍🙏🏼🤍✨🦅💫,🧚🏻‍♀️,😍😍😍😍,😍😍,This speaks to me,A MI ……..MARTINA,❤️❤️❤️❤️,😢😢😢,👏👏,👼 ❤️❤️,🕊️,I thought this is like how parents acting like wings for their child to grow,🕊️,"May no one find me , not even in my silence 🕊️",🔥,🔥🔥🖤🖤,😢😢😢🕊️🕊️🕊️🕊️,You can fly just trust your self,"How much I loved it. It gave me a sense of release, freedom, and eternal peace. 😢😍",❤️,Bin bereit zu gehn....🙌😓,❤️❤️,🎈🎈🫶🫶,❤️,🙌❤️,❤️🙌🔥👏😢🙌,❤️,Mashallah 💝.,One day I’m gonna fly away…🪽,wow.... 🔥 🔥 👑 👑 👑 ⚡ ⚡ ⚡ ✨ ✨ ✨ 🧿 🧿 🧿 🦁 🦁 🦁 💎 💎 💎 💯 💯 💯 🚀 🚀 🚀 💣 💣 💣 🌪️ 🌪️ 🌪️ 🦾 🦾 🦾 🌟 🌟 🌟 🎯 🎯 🎯 🧨 🧨 🧨 🛸 🛸 🛸 🎸 🎸 🎸 🔱 🔱 🔱 💠 💠 💠 🐲 🐲 🐲 🌌 🌌 🌌 🏆 🏆 🏆 🏎️ 🏎️ 🏎️ 🧊 🧊 🧊 💀 💀 💀 🦍 🦍 🦍 🌋 🌋 🌋 ⚔️ ⚔️ ⚔️ 🚩 🚩 🚩 🦅 🦅 🦅 🛸 🛸 🛸 🩸 🩸 🩸 🌀 🌀 🌀 🦾 🦾 🦾 👑 👑 👑 💎 💎 💎 ⚡ ⚡ ⚡ 🔥 🔥 🔥 🌪️ 🌪️ 🌪️ 🧿 🧿 🧿 🦁 🦁 🦁 🚀 🚀 🚀 💯 💯 💯 🔱 🔱 🔱 💠 💠 💠 🐲 🐲 🐲 🌋 🌋 🌋 🦍 🦍 🦍 💀 💀 💀 🎸 🎸 🎸 🌟 🌟 🌟 🎯 🎯 🎯 🦾 🦾 🦾 🧨 🧨 🧨 🛸 🛸 🛸 🚩 🚩 🚩 🦅 🦅 🦅 💎 💎 💎 ✨ ✨ ✨ 👑 👑 👑 🔥 🔥 🔥,♥️🪽,🙂🥲,😍😍😍,😍,🖤🪽,👏👏😍,🔥🔥🔥🙌,🔥🔥🔥,🔥😍,🙌,,,,,,,,,,,,,,,,,,,,,,,,,,,,,,,,,,,,,,,,,,,,,,,,,,,,,,,,,,,,,,,,,,,,,,,,,,,,,,,,,,,,,,,,,,,,,,,,,,,,,,,,,,,,,,,,,,,,,,,,,,,,
DRSGIcZEQRC,❤️❤️ Amazing 👌✨️😍✨️,Brilliant work dear💙🔥,Awesome work Victoria 😮,😍😍😍😍,💙💙,😍😍😍,❤️❤️💙🙌🙌🙌🙌😍😍😍😍,😍🔥😍🔥😍🔥🙌,🔥🔥🔥🔥🔥😍😮 bravo!!!,Beautiful work 👏👏👏,"Pure magic, Viktoria! Your talent is incredible! Bravo 👏👏👏❤️❤️❤️🔥🔥🔥💙💙💙",Beautiful 😍,👏👏👏,Wonderful!😍😍💙💙💙💙💙,❤️😍❤️ great,❤️🙌,🔥🔥🔥🔥,All works are so impressive 🔥🔥🔥,Incredible 👏👏👏,WOW that's awesome 💙,Super 😍😍😍,Amazing 🔥👏👏👏,😍😍,😮👏👏👏Gorgeous work,💞💞🌹❤️🌹💞💞🌹🌹❤️,Wow🔥🔥🔥😍👏👏👏,Woah this is incredible 😍😍😍😍,😍😍😍😍😍,Great work! 👏🏼👏🏼👏🏼👏🏼,Beautiful 🖤🖤🖤,Love it❤️,💙💙💙✨,Your ability to tell stories through visuals is truly incredible 💙,Blended nicely,💙💙💙💙💙🤍🤍🤍🤍🤍,😍😍😍😍,Nice 🔥🔥🔥,Fantastic Viktoria 💙 👁️ 💙,Stupendo 🤩 👏👏👏,🔥🔥love it🔥🔥🔥,Absolutely stunning!! 😍,,🔥Very interesting work!!! 😍😍😍,Amazingly done 🔥🩶💙🩶,Wonderful work 👏😍😍😍,"Ух, потрясающе👏🔥😍",🔥🔥,Beautiful 💙💙💙,Waouh 🤍💙,😍😍,,,,,,,,,,,,,,,,,,,,,,,,,,,,,,,,,,,,,,,,,,,,,,,,,,,,,,,,,,,,,,,,,,,,,,,,,,,,,,,,,,,,,,,,,,,,,,,,,,,,,,,,,,,,,,,,,,,,,,,,,,,,
CqW9uyIsXFJ,@charly.medina.92505 mira,0 because it’s not art,"Amazing, izin save 😍",❤️❤️,❤️🔥,😍,10❤️,1000.. ❤️❤️❤️❤️❤️🔥🔥🔥👏🙌😍 🇮🇩🌹🇲🇨,😮😮😮,Awww😍😍😍,Chota bheem ek episode hai usma bhe asa he billa hai,😍10,😍😍,amazing Art 🎨,😍 Wow,If any tool is able to generate anything it doesn't mean that @orionaimagazine is an artist..... Now this feature page is no more authentic and feeling happy to unfollow it🤮🤮🤮🤮🤮,Out of 10 🔥,🔥,10 no doubt,👏👏👏,Can you share text prompt,Play ‏▶︎ •၊၊||၊|။||||။၊|။|||။|||။၊| 0:37,Amazing work!😍😍,🔥💛💙,10/10 rating 🔥👏,awesome,F***ing awesome,😍😍😍...,Masterpiece🔥,Artist 🔥,1000000/10 🔥,10,,,,,,,,,,,,,,,,,,,,,,,,,,,,,,,,,,,,,,,,,,,,,,,,,,,,,,,,,,,,,,,,,,,,,,,,,,,,,,,,,,,,,,,,,,,,,,,,,,,,,,,,,,,,,,,,,,,,,,,,,,,,,,,,,,,,,,,,,,,,,,
DTCBCWEEWGC,😍,🥰❤👍🙏❤🥰,💞💞,❤️ukochaną piosenka dla ukochanej osoby ❤️🔥,😮👏😍,🔥❤️🔥❤️🔥❤️🔥❤️🤍❤️🤍❤️🤍,❤️❤️❤️❤️❤️❤️❤️❤️❤️❤️❤️❤️❤️❤️❤️❤️,,❤️😍,🙌💛✨️💝💛💝✨️💛🙌,😍😍😍😍,❤️❤️😍😍,😍😍,😍😍😍😍❤️,❤️❤️,😍,❤️,Que hermoso momento 🙏🙏🙏❤️❤️,👏👏👏👏👏😍,Bonito💙,😍,😍❤️👏👏❤️,Het was een mooie dag 💝🎊❤️,❤️❤️❤️❤️🔥🔥🔥🔥,Amore mio❤️❤️❤️🔥🔥🔥,😍😍,Perfeito 😍😍😍😍💎💫,❤️❤️,❤️,💜🖤🥰😘🙏👍👍🙏😘🥰💜💜🖤🖤🖤,😍❤️🔥,😍,Guuuaaaoooo 👏,❤️Bonito🔥Belo❤️😍,❤️Amor este és lo mio maior sueno Solamente contigo El para ty pós Soy tuya mujer mi amor bonitooo💞💃🕺💞,Que bella boda que lo. defruen,❤️❤️🔥🔥For ever jLove You❤️❤️,Pretty. 😍,😍😍😍,Счастье счастье любовь😍,"Вы , люблю вас ❤️❤️❤️❤️❤️❤️",Bello 🙌❤️❤️❤️,"I love this song and I want to spend the rest of my Life with my sweet gentleman tender, I want everything of you. Isaiah",❤️❤️ así affata hablo affata❤️❤️❤️,👏👏😍😍,Прости меня пожалуйста,🔥❤️,😍😍👏👏👏,❤️❤️❤️,❤️😍😍,,,,,,,,,,,,,,,,,,,,,,,,,,,,,,,,,,,,,,,,,,,,,,,,,,,,,,,,,,,,,,,,,,,,,,,,,,,,,,,,,,,,,,,,,,,,,,,,,,,,,,,,,,,,,,,,,,,,,,,,,,,,
DT2lgb4k5Qe,❤️🫶🤘🤘🤘,アナモルフィックレンズの様なハレーションが入ると更に美しくなりそうです👏,これですね😍💖めちゃくちゃ綺麗☺️🦋💫すーさんは光と影の表現が本当にお上手です👏💕💕,Stunningly beautiful 😍😍🔥🔥❤️❤️,Stunning 🔥❤️,😍😍😍😍😍😍,"Wow, it's so beautiful! ❤️😍🤩😍🥰🥰😘😘🥰",👏😍,🖤🌹🤗🌹🖤,❤️❤️,😍😍😍😍👏👏👏🔥🔥🔥❤️❤️❤️❤️❤️,Beautiful ❤️❤️❤️❤️❤️❤️,🖤😢,TOP 🦋🌹,❤️大丈夫だよ👌ねつ🙆,🙏🏻🙏🏻🙏🏻🙏🏻🌹🖤🌹🙏🏻🙏🏻🙏🏻🙏🏻,Delicate 🦋,Beauty!,❤️❤️❤️❤️❤️❤️❤️❤️❤️❤️,(‎˶°0°‎˶)ｵｵｫｫ❤️❤️❤️✨,☺️🥰😘❤️🌹💫🌹❤️😘🥰☺️,Prompt dm,🔥👏😍,❤️❤️😍😍😍like the tats🔥,❤️❤️❤️,Pretty,❤️❤️❤️,❤️❤️👏👏,Nice 🦋💙🥰,可愛いくて綺麗❤💐💐💐💐,😍😍😍🔥🔥,🔥🔥,🔥🔥❤️😍,❤️❤️❤️❤️,🔥🔥🔥🔥,❤️❤️❤️,💖💖💖,青蝶々🦋大好き💙,,夜のしじまに何を想うか 一人の女💕朝の来ない夜は無いのに🌉,また欲しくなる様なアート！😍　バッグからの灯りで人物が際立ちますね　そしてショートヘヤー顔も素敵に映ってますね👍,Hermoso corte de cabello te ves mucho más no en y naturalmente hermosa 😍😅🤍✨😍🌹❤️🩵🇲🇽,Tu belleza es delicada y gracil como las alas de una mariposa,La nuit nous révèle une pure merveille ❤️❤️❤️,🤗💜🌹💖こんばんは ˚˖𓍢ִ໋🌷͙֒✧🩷˚.🎀༘⋆,２枚目は、🌹薔薇のタトゥーも入ってるね👍🥰💕,いいね👍🥰💕メッチャ綺麗だね🦋蝶が舞ってるね👍🥰💕この娘の表情も、月明かりに照らされて、いい感じだね🥰,❤️❤️❤️❤️❤️💕💕💕😘😘😘🌹,,,🫶🌸🤍🌸🤍🌸🙌,Wonderful 🔥,😍,😍😍クールビューティー✨とっても好きな系です!✨ボブもいいですね🥰✨🦋✨💙💙💙,🔥👏🔥absolutely perfect 👏🏻👏🏻👏🏻👏🏻 the detail is crazy 🔥🔥🔥,❤️😍🙌👏🔥🔥🔥🔥,👏👏👏,🥰🥰🥰🥰,Belleza ❤️😍,⠀⠀⠀⠀⠀⠀⣴⠶⢦⣤⠶⠶⣄⠀⠀⠀⠀ ⠀⠀⠀⠀⠀⠀⣇⠀♥️⠀⢀⣿⠀⠀⠀⠀ ⠀⠀⠀⠀⠀⠀⠙⢧⣄⠀⣠⠞⠁⠀⠀⠀⠀ ⠀⠀⠀⠀⠀⣀⡀⠀⠉⠛⠃⣠⣄⡀⠀⠀⠀ ⠀⠀⠀⠀⡞⠉⠙⢳⣄⢀⡾⠁⠈⣿⠀⠀⠀ ⠀⠀⠀⠀⢻⡄⠀⠀⠙⢿⡇⠀⢰⠇⠀⠀⠀ ⠀⠀⠀⠀⠀⠙⣦⡀⠀⠀⠹⣦⡟⠀⠀⠀⠀ ⠀⠀⠀⠀⠀⠀⠈⢳⣄⠀⠀⠈⠻⣄⠀⠀⠀ ⠀⠀⠀⠀⠀⠀⡞⠋⠛⢧⡀⠀⠀⠘⢷⡀⠀ ⠀⠀⠀⢠⡴⠾⣧⡀⠀⠀⠹⣦⠀⠀⠈⢿⡄ ⠀⠀⣀⣿⠀⠀⠈⠻⣄⠀⠀⠀⠀⠀⠀⠈⣷ ⢠⡟⠉⠛⢷⣄⠀⠀⠈⠀⠀⠀⠀⠀⠀⣰⠏ ⠀⢷⡀⠀⠀⠉⠃⠀⠀⠀⠀⠀⠀⠀⣴⠏⠀ ⠀⠈⠻⣦⡀⠀⠀⠀⠀⠀⠀⢀⣠⠞⠁⠀⠀ ⠀⠀⠀⠈⠙⠶⣤⣤⣤⡤⠶⠋⠁⠀⠀⠀⠀,,,,,,,,,,,,,,,,,,,,,,,,,,,,,,,,,,,,,,,,,,,,,,,,,,,,,,,,,,,,,,,,,,,,,,,,,,,,,,,,,,,,,,,,,,,,,,,,,,,,,,,,,,,,,,,,,,
DUlMAD2lRix,👏👏,🤍🖤,🔥🔥🔥,🖤🖤🖤,🔥🔥,😍😍😍😍,❤️❤️❤️❤️❤️,❤️❤️❤️🔥,😍,So cool. Loving it. 😍😍😍😍🔥🔥🔥🔥,Great!!😍👏👏👏👏,Cute 🥰 Love seeing Wednesday in your style 🖤,Waaaaaaw Beautiful 👏,Wow amazing beautiful 😍🖤,,Beyond Belief GORGEOUS ❤️❤️❤️❤️❤️,"Even if it's not the right day, it's always a joy to see Wednesday haha 😁 So many different versions and they're all spectacular as always, my friend 🫠😌🖤",😍🤌🏻,"1,2,4,6,7 are more wensday",,,,,,,,,,,,,,,,,,,,,,,,,,,,,,,,,,,,,,,,,,,,,,,,,,,,,,,,,,,,,,,,,,,,,,,,,,,,,,,,,,,,,,,,,,,,,,,,,,,,,,,,,,,,,,,,,,,,,,,,,,,,,,,,,,,,,,,,,,,,,,,,,,,,,,,,,,,
DTv9sJGjD7-,"¡Guau, es muy, muy bonito!😍😍😍😍😍",wonderful work ❤️🙌,Breathtaking piece! So wonderfully done👏👏👏❤️❤️❤️😍😍😍🌹🌹🌹⚘️⚘️⚘️,Muy lindos los retratos. !!! Los haces tú,Очень красиво 👏👏👏👏👏❤️❤️❤️❤️❤️🌹🌹🌹🌹🌹,Amazing work Gabriella ✨✨✨,Gorgeous 👏😍❤️🔥,♥️🤍Beautiful 🤍♥️🔥❤️🔥❤️🔥❤️🔥❤️🔥🔥🔥🔥,Fantastic work so beautiful 😍😍😍😍😍👏👏👏🔥🔥🔥🙌❤️❤️❤️❤️,"Incredible creation, I really like it ✨🤩😎",Amazing work my friend ❤️❤️❤️✨,Amazing beauty❤️❤️❤️❤️,Splendid 😍😍😍,Che bella gente! 😍,beautiful🔥,Gorgeous portraits ❤️,🤩🤩🤩🤩🤩,Beautiful ❤️🔥❤️,So beautiful pic ❤️😍,Nice Work❤️❤️👏👏👏,❤️❤️❤️❤️,magnificent creation I love your works they are great 👏🏻😊😎,😍😍😍😍👏👏👏,"Bold, bloody, and beautiful. 🩸",So beautiful ❤️❤️❤️❤️,Beautiful ❤️😍,❤️😍😍😍😍👏👏👏❤️❤️❤️🔥🔥,Amazing 😍,,😍😍👌,👏👏👏,😍😍😍😘😘🌹,🔥,❤️❤️❤️😍😍😍😍❤️❤️❤️,🔥😍,😍😍😍,😍😍,😍😍😍😍,🔥🔥🔥🔥🔥🔥🔥🔥🔥🔥🔥🔥🔥🔥🔥🔥🔥,👑,Amazing 🔥🔥👏👏👏😍,Stunninnggg😍😍😍😍😍❤️❤️❤️❤️,Beautiful set❤️❤️🙌,🙇‍♂️👋🙋‍♂️🫡,Wonderful set 😍😍😍❤️❤️❤️,❤️😍👏,👏,🔥🔥🔥,❤️❤️❤️,😍😍😍,Timeless beauty ✨😍,Stunning!!!🔥🔥🔥🔥😍😍😍,❤️❤️❤️❤️❤️👏👏👏👏,❤️🔥😍,I love all your beauties ❤️,🔥🔥🔥🔥🔥,Great!!😍😍👏👏👏,,,,,,,,,,,,,,,,,,,,,,,,,,,,,,,,,,,,,,,,,,,,,,,,,,,,,,,,,,,,,,,,,,,,,,,,,,,,,,,,,,,,,,,,,,,,,,,,,,,,,,,,,,,,,,,,,,,,,
DR2OG7qEjMb,🔥🔥🔥🔥🔥🔥🔥🔥,❤️❤️❤️,😮,🔥🔥🔥🔥,So amazingly crafted ❤️🙌,💯💯💯🫂🫂🫂🙏🏻🫀🫀🫀🫂🫂🫂🫂💯💯💯💯👾👾👾👾👾🫂🫂🫂🌔🌔🌔🌔🌔🫂🫂🫂🤶🏻🤶🏻🤶🏻🫂🫂🫂🙆🏻‍♀️🙆🏻‍♀️🙆🏻‍♀️🫂🫂🫂🫂🫂🫀🫀🫀🫂🫂🫂🫂🔪🔪🔪🔪,The panther🔥🙌🙌🙌🙌,🔥🔥🔥,ثور 💀,👏👏👏👏👏,Gold,❤️,Blue neon,🔥,Black Panther always looks so cold,How bout both 💫💫💫,5' 🌟,,,,,,,,,,,,,,,,,,,,,,,,,,,,,,,,,,,,,,,,,,,,,,,,,,,,,,,,,,,,,,,,,,,,,,,,,,,,,,,,,,,,,,,,,,,,,,,,,,,,,,,,,,,,,,,,,,,,,,,,,,,,,,,,,,,,,,,,,,,,,,,,,,,,,,,,,,,,,
DSLEWPjkgrL,😍😍😍,Ficou top,Perfect,❤️🙌,🔥🔥🔥🔥,Mashallah,If this is the new cast in total watching it🙌😍😍😍,Hogwarts Legacy is free ok Epic Games now btw🙌,#skill,"Loki being Snape and Thor being Draco Malfoy is actually hilarious, now I wonder who's in control of one another now 😂",Snap and Loki one was the top,Tom Hiddleston standalone Snape series,What if Tom Holland was Harry Potter?,Cool Potter ✌️,@hoodrich.ai for cool Ai🔥🔥🔥🔥🔥🔥🔥🔥,The music is so calming,😮,Hogwarts avengers,Zendaya no please 😓,They look more like harry potter characters than the series does,,Thanks mate 🔥🔥,Not bad,tom holland should be harry potter not robert downey jr,Not zendaya,Delete this. Darn AI,,,,,,,,,,,,,,,,,,,,,,,,,,,,,,,,,,,,,,,,,,,,,,,,,,,,,,,,,,,,,,,,,,,,,,,,,,,,,,,,,,,,,,,,,,,,,,,,,,,,,,,,,,,,,,,,,,,,,,,,,,,,,,,,,,,,,,,,,,,,,,,,,,,,
DR2Y8p9giTt,Atemberaubende Welten❤️❤️❤️,❤️🙌,😍😍😍,👏,😍😍,😍😍😍😍,🙌🔥🙌,😍😍😍Excellent🔥🔥🔥,That’s truly amazing 😍,❤️‍🔥❤️‍🔥❤️‍🔥💘,👏👏👏👏👏👏👏😍,🔥🙌🔥,Incredible work🔥🔥🔥,🔥🔥🔥,Predivno!👏👏👏👏👏❤️❤️❤️❤️❤️❤️❤️🔥🔥🔥🔥🔥🔥🔥🔥🔥🔥🔥🔥🔥🔥🔥🔥⚔️⚔️⚔️⚔️⚔️⚔️⚔️⚔️🛡️🛡️🛡️🛡️🛡️🛡️🛡️🛡️🛡️,🙌,Oh these riders of Rohan look so amazing!! ❤️❤️ fantastic work!! 🔥🔥,Bravo!! 👏👏,Ah so epic and powerful!💯🎯🔥🔥🔥💪,Awesome 🔥🔥🔥,❤️ 😮👏👏👏👏,Fantastic looking 🔥👏,I absolutely love your stunning creations! 😍👏🔥,Amazing 🔥🔥,Wonderful 😮😮😍😍👏👏,🔥🔥🔥,Sublime ❤️,Amazing 😍🔥,doesnt get old,This is absolutely incredible💙💙,Stunning bro🔥,,Ас салям алейкум,😡,🤯,Que bien 👏,🛡️⚔️⚔️,,😍,,,,,,,,,,,,,,,,,,,,,,,,,,,,,,,,,,,,,,,,,,,,,,,,,,,,,,,,,,,,,,,,,,,,,,,,,,,,,,,,,,,,,,,,,,,,,,,,,,,,,,,,,,,,,,,,,,,,,,,,,,,,,,,,,,,,,,,
DMV_EO1N3qS,👏👏👏,🙌🙌🙌🙌🔥,😍😍😍😍,😮😮😮😍😍😍,🧡,😍👏👏👏👏,😮,✨👋,❤️,👏👏😍,🔥👏,Adına Nazar diyelim bence güzel bir anlatım,Amazing work❤️❤️❤️❤️❤️,🔥,Bello 🔥🔥🔥,Beautiful !!,Wow what an artist,@palomapoeta 09:01,A mindfu*k then?! 🤭🤫😁,Mükemmel 🔥🔥🔥,👏👏,,,,,,,,,,,,,,,,,,,,,,,,,,,,,,,,,,,,,,,,,,,,,,,,,,,,,,,,,,,,,,,,,,,,,,,,,,,,,,,,,,,,,,,,,,,,,,,,,,,,,,,,,,,,,,,,,,,,,,,,,,,,,,,,,,,,,,,,,,,,,,,,,,,,,,,,,
DQGSvs-DDyl,😍❤️,❤️,😍👏👏,❤️,@cemadrian 🙌,Amazing aiart send please 😍,Beklerken kök saldım demek eylemini anlatan bi görsel gibi... Oldukça köklü ve sabırlı 🪾,Amazing work 😍Can.u #share it on #👉@the_art._ocean,,,,,,,,,,,,,,,,,,,,,,,,,,,,,,,,,,,,,,,,,,,,,,,,,,,,,,,,,,,,,,,,,,,,,,,,,,,,,,,,,,,,,,,,,,,,,,,,,,,,,,,,,,,,,,,,,,,,,,,,,,,,,,,,,,,,,,,,,,,,,,,,,,,,,,,,,,,,,,,,,,,,,,
DSad9F2jfva,🔥🔥🔥🔥🔥,Wow 👌 luxury ✨️ 😍 👌 😒 👏 😑 ✨️ 😍 👌,🔥🔥🔥,Bellissimo - che concept pazzesco! 🤩,🔥🔥🔥🔥,تو عمرم همچین صحنه ای ندیدم چقدر جزاب❤️❤️❤️❤️❤️❤️❤️❤️حیف که ما پراید هم نداریم,❤️,,😳,🔥🔥,Wow starkes Auto,wow,😍😍,😍😍😍,마세라티가 마세라티했다👍🏼👍🏼,👏👏👏👏👏👏,The king Maserati🔥,😍,Clean shot! 🔥,,Mau beliii,❤️❤️😢😢😢,👏👏 Beautiful 👏👏,❤️,🔥🔥,Si cool,🔥🔥🔥🔥😍😍😍😍,🙌,🔥🔥🔥👏👏👏💯💯💯🏅🏅🏅🎯🎯🎯🎨🎨🎨🖼️🖼️🖼️🖌️🖌️🖌️✍️✍️✍️👩‍🎨👩‍🎨👩‍🎨👨‍🎨👨‍🎨👨‍🎨 Awesome!!!!!!!!!!!!!!!!!!!!!!!!!!!!!!!!!!!!!!!!!!!!!!!!!!!!!!!!!!!!!!!!!!!!!!!!!!!!!!!!!!!!!!!!!!!!!!!!!!!!!!!!!!!!!!!!!!!!!!!!!!,❤️❤️❤️❤️❤️❤️❤️❤️,🔥🔥🔥🔥🔥,Love u 😘😘,❤️😀,❤️❤️🔥🔥,❤️❤️,Traumhaft schön ❤️❤️❤️❤️❤️,Hut car💦🤤,Nice car,منتهي الأناقة والفخامة والجمال  والرفاهية والروعة,💫,❤️❤️,❤️❤️,❤️❤️🔥🔥,♥️🌶️🪸✨👑,😯😯😯,Meravigliosa 💝❤️😍,🔥🔥,❤️❤️,🤍,,❤️❤️❤️,❤️❤️,🌺🌺🌺💎🌹🫂💋📿🫡,😍😍😍🔥🔥,woooow 🔥🔥❤️❤️,یک در چند من سوار این میشم😍,❤️❤️,AI,❤️🙌🔥👏,My transformer pretty sick. 👏🙌,Most sportscars look amazing widened to 11 feet :),Can you imagine pulling up next to this car?🙌,❤️,😍,So cool!!!!!!!!!!!!!!!,,Gorgeous Mazarati😍,😮😮😮,🔥,Specs?,Queen 🌬️🤍🔱,🔥🔥🔥,Omg 🤤😍,❤️❤️❤️❤️❤️❤️❤️❤️❤️❤️❤️❤️❤️❤️❤️❤️❤️❤️❤️❤️❤️❤️❤️❤️❤️❤️❤️❤️❤️❤️❤️❤️❤️❤️❤️,🔱🔱🪃,🔥🔥🔥,🔥🔥🔥Впечатляет до слёз 😍😍😍❤️❤️❤️,Wo kommt das Nummernschild hin?,🤍🔥,Qie belezura,😍😍😍,❤️😍,😍😍😍😍😍,Kya model hai😍,It would just be nice if they make one that doesnt break after 5 minutes,🔥,ابهت😮,😮🔥❤️😍,😍😍😍 Fantastica !!!😎,😍😍😍,😮😮😍😍🔥🔥,🔥🔥🔥,Yesowner ⭐✨✨💳✨,❤️❤️❤️❤️,😍😍😍😍😍😍😍😍😍😍😍😍,MY car,😍😍😍🔥🔥🔥,Love it baby,استوریییییم🔥🔥🔥,😮😍👏👏🏁,😍😍😍,🔥🔥🔥,😍😍😍😍😍😍😍😍,🔥,🔥🔥🔥🔱🤍🏁🤩,🤍🤍🤍🤍,Un ottimo regalo di natale se esistesse👏👏😍😍😍,وای وای خدا این و میخوامممم❤️,Bellissima💯🔝🏎🏁🚗🏁😍😍🤗,Wowwwwwwww strepitosa 😍❤️😍,Schitterend proficiat 👏👏👏,🔥🔥🔥🔥🔥🔥🔥,Wooo,👍🏻,🌺🌺🌺💎✒️🌹,این. برات آرزو میکنم جیگره عمه,"Пока немцы делают китайщину, Италия верна люксу",Look like crocodile 😍,Fantastique! J'ai passé commande au père Noël 🎅,🔥🔥🔥🔥🔥❤️❤️❤️❤️❤️😍😍😍😍😍,❤️❤️❤️❤️❤️❤️❤️خدایا شکرت ❤️❤️❤️❤️❤️❤️❤️انشالله میخرمش من لیاقتش دارم ❤️❤️❤️❤️❤️❤️❤️,🔥🔥🔥🔥🔥🔥🔥🔥🔥,❤️❤️❤️,🔥🔥🔥🔥🔥😍😍😍🔥🔥🔥🔥,Ad avere gli euri necessari sarebbe un fantastico autoregalo natalizio. Bravi!😍😍😍,🔥🔥🔥 Beats 🔝🔝🔝🔥🎉,👏👏👏,Sa c'est de la Voiture 😮🙌,🔥🔥🔥🔥 Is Ferrari paying attention,😍,🔥🔥🔥,,🙌nice,😍😍😍,Efes,👏👏🔥🔥❤️❤️🙏🏻,💪,😍,زذایطصضصچچ، غقع,❤️❤️❤️❤️,❤️❤️❤️❤️,Precioso,Very beautiful ❤️❤️❤️❤️,Bem Mais que a Bugatti!,Sexy MF🔥💛🔥,👏👏👏👏👏👏👏👏👏👏👏❤️❤️❤️❤️❤️❤️❤️❤️❤️❤️❤️❤️❤️❤️❤️❤️❤️❤️❤️,🔥,😮😮😮😮🔥❤️,Hailey,🔥🔥🔥,🔥🔥🔥,🔥❤️❤️❤️,Spettacolo!!!!!!!💪💪💪😯😀,❤️🙌,Junno bb y ñ,"Wow, it’s nice. Kind of has the Mach 5 vibe",🔥🔥🔥🔥🔥🔥🔥🔥🔥🔥🔥🔥🔥🔥🔥😍😍🔥🔥🔥🔥🙌,Clean,😍😍😍😍🔥,That’s hard Af,❤️❤️🔥🔥🔥🔥,🏁👌🏁👌🏁👌🏁👌🏁,Simple 😍😍😍😍😍❤️❤️❤️,😍😍,❤️,الاهی قسمته همه,❤️یاالله ❤️یاحسبی الله ❤️یانور ❤️یارزاق ❤️یافتاح ❤️یاوهاب ❤️یاغنی ❤️یاکریم ❤️یاهادی ❤️یاوکیل ❤️یارحمان ❤️یارحیم ❤️سپاسگزارم ❤️شکرت ❤️الهی آمین یارب العالمین 👏👏👏👏👏👏❤️❤️❤️❤️❤️❤️❤️❤️❤️,@davido,😍😍😍,Com’è bella 👍 top,,❤️,🔥🔥🔥🔥🔥🔥🔥🔥,😍
DSlL18bDEhJ,Wow so amazing 😍👏❤️Merry Christmas 💚💫,😍😍👏👏👏👏🔥🔥🔥 complimenti 💯,❤️❤️❤️🔥🔥 Beautiful 👏👏👏✨️😍✨️🤗,❤️❤️❤️❤️🔥🔥🔥,❤️❤️,❤️❤️❤️ MAJIQUE ❤️🙏🙋,🔥🔥🔥,🔥🔥🔥,So so beautiful 😍😍❤️❤️,🔥🔥🔥🔥🔥🔥🔥🔥👏🔥🔥❤️,Amazing ❤️❤️❤️,Beautiful work 💫🌸💫🌸💫,❤️❤️❤️❤️🔥🔥🔥😍😍😍😍😍😍,Faz um desenho meu😍,So gorgeous 💙💙💙,😍😍❤️🙌🔥😍❤️,❤️❤️❤️❤️❤️,😍,❤️❤️❤️❤️❤️❤️❤️❤️❤️,🔥🔥🔥,Stunning,😍,Beautiful 😍,🔥🤍😍,😍😍,🙌👍🌹🌹🌹,❤️❤️❤️❤️❤️😍😍😍😍,👍класс,👍,Beautiful 💛💛💛💛💛💛💚💚,🔥❤️,Extraordinary ArTe,🔥🔥🔥🔥🔥,😍😍,😍😍😍😍😍❤️❤️❤️💐💐💐🌺🌺🌺🌺💖,❤️ Biutiful,Harika yaaa,Your faces are luminous 😍,Nice work,The 6th one has eyes that look like mine. 😮,😍😍😍😍😍😍😍,🩷 Lily 🩵 and I wish you a Christmas 🎄 filled with calm 🤍 tenderness 🧸 and love 💛 with your loved ones ✨🤍🎄,❤️❤️🔥❤️❤️,😍😍😍What beautiful set❤️❤️❤️❤️,Geweldig mooi😍,👏👏👏,Stuunninnggg😍😍😍😍😍😍,So beautiful ❤️❤️❤️❤️,Stunning ❤️,😍😍😍😍😍😍😍😍😍🔥🔥❤️❤️,"Wow, this is absolutely stunning! 😍✨",magnificent creation I love your works they are great 👏🏻😊😎,Amazingly beautiful ❤️❤️❤️❤️❤️❤️❤️❤️,Gorgeous 💖,Really wonderful 👌💯😍❤️🔥🔥,Vackert flicka och målning 🍀😍😊🌺,Beautiful 😍,🔥😍😍😘🌹🌹🌹,Very beautiful 🔥🔥🔥,Wowww so beautiful!!!!😍😍😍😍,❤️très jolies ❤️,Absolutely beautiful 😍,👏👏👏🔥🔥😍,🔥,Sugárzóan gyönyörű!❤️🔥👏👏,👏,I❤️ART,Beautiful ❤️,🔥🔥🔥❤️❤️❤️,Beautiful ❤️,,,Lovely😍,❤️❤️❤️👏👏,♥️Beautiful♥️🔥❤️🔥❤️🔥❤️🔥❤️🔥🔥🔥🔥,❤️❤️❤️,Beautiful ❤️♥️,❤️❤️😍😍🔥🔥👏👏,😍❤️❤️❤️,😍😍😍😍😍,beautiful  works😍😍😍🔥🔥🔥❤️❤️❤️,😍😍😍😍,so beautiful ❤️❤️👏,💯❤️,🔥🔥🔥😍😍😍,❤️🔥,👑,Great! Job!,Great work Gabriella ✨,Stunning portraits 👏👏👏,Gorgeous ❤️❤️❤️❤️❤️,Yaa bende o resimlerden biri gibi oldum sanki.,,,,,,,,,,,,,,,,,,,,,,,,,,,,,,,,,,,,,,,,,,,,,,,,,,,,,,,,,,,,,,,,,,,,,,,,,,,,,,,,,,