Post ID (DO NOT EDIT COL),1,2,3,4,5,6,7,8,9,10,11,12,13,14,15,16,17,18,19,20,21,22,23,24,25,,,,,,,,,,,,,,,,,,,,,,,,,,,,,,,,,,,,,,,,,,,,,,,,,,,,,,,,,,,,,,,,,,,,,,,,,,,,,,,,,,,,,,,,,,,,,,,,,,,,,,,,,,,,,,,,,,,,,,,,,,,,,,,,,,,,,,,,,,,,,,,,,,,,,,,,,,,,,,
DDhx9Znow-I,You have captured the feeling. Magic. I love this ART so much рЯШНрЯЩП,You make it look so easy рЯШН,breathtaking!!!! This painting has the most gorgeous color selection!,ItвАЩs absolutely cute рЯШНрЯШН,вЭ§пЄПвЭ§пЄПвЭ§пЄПвЭ§пЄПвЭ§пЄПвЭ§пЄП,"Which Materials do you use? рЯШН i would Like to practice myself in landscapes, but at this Point I struggle with the question, which Materials i should use.  Sorry for my english, itвАШs been a Long time since school. рЯ•≤",Your paintings are pure magic,Absolutely wonderful and elegant painting! It's so enchanting! рЯШН,This is breathtaking вЭ§пЄП,This is like looking at a fairytale рЯШН,Perfect,Very beautiful and light рЯШН,This is soooooo beautiful рЯШН вЭ§пЄП,рЯФ•рЯФ•рЯФ•рЯФ•рЯФ•,Love all those colors! Awesome work! рЯФ•,рЯШЃрЯШЃрЯШЃвЭ§пЄПвЭ§пЄПвЭ§пЄП,The lightning is so pretty!рЯШН,рЯСПreally love your workвЭ§пЄПfulled with spirit,"It feels like a scene from a dream, its so beautiful вЭ§пЄПвЭ§пЄПвЭ§пЄП",рЯСНрЯЦМпЄП,Mesmerized! Almost in a trance!,рЯСПрЯСПвЭ§пЄП,рЯШНрЯШНрЯШНрЯШНрЯФ•рЯФ•рЯФ•рЯФ•,рЯСПрЯСПрЯСПрЯШНрЯШНрЯШНрЯШН,Oh wow. The lighting is magical вЭ§пЄП,вЭ§пЄПвЭ§пЄПвЭ§пЄПвЭ§пЄП,рЯШНрЯШНрЯШНрЯШНрЯШН,It's fantastic,The warmth this painting is giving me. It's so lovely рЯМЯрЯМЈрЯЩП,Beautiful artwork рЯШНвЭ§пЄП,The light рЯШЃрЯФ•рЯШН,Wow!!! So stunning and beautiful! You truly mastered capturing the light ght and the energies! I love it!!рЯЩМрЯЩМрЯЩМ,I'm sorry for ever picking a paint brush рЯЦМпЄП,"sorry Iam have a limit of expressing these fellings but I can tell its like vague but a warm felling the sun is bright but its has a warm, safe touch",рЯМњрЯТЪрЯ§НрЯІ°рЯТЫрЯ©µрЯ©Ј,The light рЯШЃвАНрЯТ® amazing work !,Beautifully done рЯТЦ,рЯШНрЯШНрЯШНрЯСПрЯСПрЯСП,Wowww! Love it рЯФ•,This is the kind of painting I wish I could step into! вЭ§пЄП,Lovely job with the lighting!,Wow this is out of the world рЯСПрЯСП,рЯШНрЯШНрЯШНрЯСПрЯСПрЯСПрЯСПвЭ§пЄП,The wonder of your paintbrush is otherworldly!,I love those colors вЭ§пЄП very niceвЭ§пЄП,Hermoso рЯСПрЯСПрЯСП,If beautiful had a definition рЯФ•вЭ§пЄП,Some people are just born with true talent.,The magic artwork рЯШНвЬ®вЬ®вЬ®,Such a beautiful glow in these colors!!!,,,,,,,,,,,,,,,,,,,,,,,,,,,,,,,,,,,,,,,,,,,,,,,,,,,,,,,,,,,,,,,,,,,,,,,,,,,,,,,,,,,,,,,,,,,,,,,,,,,,,,,,,,,,,,,,,,,,,,,,,,,,,,,,,,,,,
Cyv2nzcR0ic,This reminded me of Quinni вЭ§пЄПвЭ§пЄПрЯ•ЇрЯ•Ї lovely work,This reminded me so much of @qinnih artвАЩs may her legacy be forever in every drawing of a star в≠РпЄП,You're my fav artist since i was a childрЯШ≠вЬ®рЯ©Ј,Really took me back to @qinniart . Funny how it made me a little sad even though I never really knew her. Great piece btw.,It's kind of wholesome how many people here remember @qinniart,You reminded me of the Artist @qinniart .. Sadly she's no more рЯШФ you're drawing is so amazing рЯШ≠вЭ§,Ur art reminds me of @qinniart may god bless her soul рЯШҐ,"Your works remember to me a lot Qing Han art ( @qinniart ). How nostalgic and sometimes sad... I miss her pics, your are great!",Your artstyle reminds me of @qinniart its lovely вЩ°,Anyone remember @qinniart when they see this рЯШНрЯШН,I love the transparent umbrella and how it blends the environment. It's so pretty рЯШН,So magical. The rippling of water,I wish the world was as beautiful as your art,Just wonderful. Your art is incredible рЯ•ЇвЩ•пЄП Makes me cry.,вШФпЄПрЯТЩ,рЯШНрЯШНрЯШНрЯШНрЯШНрЯШНрЯШН,i love how your art style has changed over the years,Water and star рЯЩМ gosh this is beautiful!,Beautiful work рЯШН,рЯФ•рЯФ•рЯФ•,Oooo so pretty I love the stars,This is a magical painting.  Very inspirational.  Your talent is in you imagination.  Thanks for sharing.,рЯТЩрЯІ°,So many wishes to make! рЯ§© or are they already made?...,It reminds me of qini вЩ°,beautiful artwork!,What a poetic paintingрЯ•євЬ® ItвАЩs like a scene from a picture book or a fantasy storyвА¶вАЉпЄОрЯТУ,In love with this вЭ§пЄП,вШАпЄПрЯ©µвЬ®,Your art is always so soothing рЯ•∞,This is so beautifulвЬ® Absolutely love the magical concepts in your artрЯТЦ,The textures and lighting is beautiful вЭ§пЄП it feels so magical,рЯШНрЯМІрЯМЯрЯТЦ,Incredible greatрЯШНрЯ•∞,God.... That's so beautiful...,"I love this one so much!  Rain is my jam, so are stars!",This is so so beautiful. I love how lifelike you made the umbrella. As if you could just run into someone like this рЯШНрЯШНрЯШН,Awesome concept beautifully executed рЯЩМ,This is beautiful!! I love the colors!,This is so beautiful!!рЯШНрЯШН My fav new artwork of yours вЭ§пЄП,вЬ®рЯТЂ,"So inspiring, beautiful and dreamy вЬ®вЬ®вЬ®",Can i recreate it i mean can i use it as a reference its so good i like to try вЭ§пЄПвЭ§пЄП,Your art is absolutely amazing рЯШН,This was so relaxing,I finally found youвЭ§пЄП. Been look for you since 2017. Since fisheye placebo.,рЯШНрЯШНрЯШН,Oh my goddd that looks soo magical! рЯШНрЯМЯ,вЭ§пЄПвЭ§пЄПвЭ§пЄПвЭ§пЄП,Superlative work,,,,,,,,,,,,,,,,,,,,,,,,,,,,,,,,,,,,,,,,,,,,,,,,,,,,,,,,,,,,,,,,,,,,,,,,,,,,,,,,,,,,,,,,,,,,,,,,,,,,,,,,,,,,,,,,,,,,,,,,,,,,,,,,,,,,,
DTIwN17jeaP,"The way you have captured the celestial energy in this portrait is truly mesmerizing, and the shimmering textures of the glitter watercolor give it such a magical, tactile feel. Those golden star details and the moth necklace create such a beautiful sense of mystery and mindfulness. It feels like a quiet, soulful reflection on the magic that exists within us all. вЬ®рЯМЩвЬ®",Oh my рЯШН that glitter рЯ•∞,Omg I LOVE the colours. I love the glitter and shimmer вЬ®вЭ§пЄП,Oh wow this is so pretty!!! I love your colour choices and how celestial she feels. The glitter effect is absolutely stunning! рЯШН вЬ®пЄП,Wow!! Really beautiful рЯШЃрЯШН,вЬ®рЯШНрЯШНрЯШНрЯШНвЬ®,Love the sparkly look! Amazing colors!! рЯШН,Really beautifully done,ahh such pretty glitter вЬ®вЬ®,вЭ§пЄПвЭ§пЄПвЭ§пЄП,Amo рЯШН,вЭ§пЄПрЯСПвЭ§пЄП,This is so beautiful and I really love the way she sparkles рЯШН,рЯШНрЯШНрЯШНрЯШН,рЯШЃрЯШЃрЯСПрЯСПрЯСПрЯСПрЯСП,"Oh my, that is glittery! рЯ§©рЯЂґ",рЯШН,Holy gorgeous рЯШН,I love the way of rapture celestial energy вЬ®,"Oh my word, how magically delicious!!  рЯСПрЯСПрЯСП рЯШЃ рЯТЦ  May I ask what brand you use for the glitter watercolors part?",Love the sparkles рЯІЪвАНвЩАпЄПрЯІЪрЯІЪвАНвЩВпЄП,I love the glitter result !!!,Love itрЯТЧрЯНТрЯМИ,Your work feels very honest вЭ§пЄПвЬ®рЯТЂ,"stellar splash, love your orbiting hearts рЯМ†вЭ§пЄП вЫЕпЄО",I love the subtle expression you gave her. вЭ§пЄП,"I need to get into glitter watercolour, this is gorgeous",Do you possibly do commissions? рЯШН Your work is magical вЬ®рЯТР,рЯТЩрЯМЯрЯТЩрЯМЯ,Wow рЯШН so pretty!!! Now I gotta look up what glitter watercolors are haha,Seeing your art makes me want to create my own again рЯ•ЇвЬ®рЯТЬрЯЩМ you do such beautiful work!,The glitter and the gold is gorgeous,Beyond beautiful рЯШНвЭ§пЄП,Lovely piece of art. The character feels so carefree.,EtherealllllрЯШФрЯСЖрЯТЧрЯТЧрЯТЧрЯТЧрЯТЧрЯМЯрЯМЯрЯМЯрЯМЯрЯМЯвЬ®пЄПвЬ®пЄПвЬ®пЄПвЬ®пЄПвЬ®пЄПвЬ®пЄПвЬ®пЄПвЬ®пЄП,This is amazing!! рЯСП,This is so stunning рЯШНрЯЂҐвЬ®,How beautiful рЯШН is it,Very beautiful painting!,This is gorgeous!,The way you use the glitter watercolors is sooo Stunning! рЯ•∞,Love the glitter вЭ§пЄПвЭ§пЄПвЭ§пЄП,Woooow this looks so magical рЯШНвЭ§пЄП,Love this vibe вЪ°пЄП рЯСМрЯПї,рЯШНрЯШНрЯШН,Beautiful creative work вЭ§пЄПрЯ©ЈрЯТХвЬ®,So lovely!,Your lines and style are like a fairy tale. Thank you for the inspiration you've given to my art.рЯЩПвЬ®пЄПрЯТЩрЯО®,рЯ©ЈрЯ©µвЬ®,Absolutely love this рЯ•∞ wonderful selection of colours!,,,,,,,,,,,,,,,,,,,,,,,,,,,,,,,,,,,,,,,,,,,,,,,,,,,,,,,,,,,,,,,,,,,,,,,,,,,,,,,,,,,,,,,,,,,,,,,,,,,,,,,,,,,,,,,,,,,,,,,,,,,,,,,,,,,,,
DU1U8PajE9B,Thank you @barbienostalgia for motivating me to paint childhood dreams рЯТХрЯ•∞рЯ©µ,"Saw this and purchased without even thinking twice, this is my favorite movie & such a beautiful paintingрЯ•Ї the first time IвАЩve bought something from Etsy as wellрЯ©Ј",this is so dreamy рЯММрЯШ©рЯТХ,I need someone to show me how to do this using acrylics вЭ§пЄПрЯТЦ,Wow so beautiful рЯШН It's my favorite Barbie movie,I'll never get tired of saying how much I love every piece of artwork you show us!! рЯШ≠вЭ§пЄПвЭ§пЄПвЭ§пЄП,absolutely loved this movie growing up рЯ•≤ and this is such a beautiful creation! рЯ©Ј,"omgggg this is so good , I love the songs in this movie рЯ§ІрЯШ≠","Such a lovely, peaceful scene.рЯШНрЯШН there is so much love. Every living being has its partner. Simply stunning. The details on the castle and flowers are incredible! And I love the architecture of the cottage on the right. It is so charming! It looks like itвАЩs straight out of a classic fairytale. рЯП°вЭ§пЄПрЯСПрЯСП",Love the two butterflies and two cats!! This painting is pure magic!рЯТЦрЯТЩ,Gurl my eyes have been blessed вЬ®вЬ®,Absolutely gorgeous!! Finishing this masterpiece in 3h is insane рЯШН the cats and butterflies are so cuteee рЯ•євЭ§пЄП,itвАЩs just so beautiful i have no words рЯЩМвЭ§пЄП i wish I could just live in it honestly вЭ§пЄПвЭ§пЄП,Oh my goodness! She done it again!! рЯШН It's so beautiful aaaaaa~ and look at the kitties рЯШї,"Omg, this looks so wonderful Sofi!! The way you did the prespective and colors is very well done. рЯШНвЭ§пЄПрЯСП",So nice to see the process and the result is so magical вЬ®пЄП рЯТЦ  great work!,This took my breath away omg,This is beautiful рЯШН love seeing your process!!,Oh this is AMAZING!!!! More Barbie please рЯ©ЈвЬ®рЯ§©рЯ§©,Oh IвАЩm gonna cry this is the most beautiful thing IвАЩve ever seen рЯШ≠рЯТХрЯ¶Л,рЯШНрЯШНрЯШНрЯШНрЯТЦрЯТЦрЯТЦрЯТЦвЭ§пЄПвЭ§пЄПвЭ§пЄПвЭ§пЄПрЯШНрЯШНрЯШНрЯШНрЯТЦрЯТЦрЯТЦрЯТЦвЭ§пЄПвЭ§пЄПвЭ§пЄПвЭ§пЄП,I loveee it!рЯ§≠ Gives me some memories back from the time I watched the movie. Very magical especially the look and design of the buildings (I'm a fan of that)вЬ®пЄП And the butterflies are like the cherry on topрЯСА An,Love this рЯШН,"Gorgeous, gorgeous gorgeous!! I love that you show step-by-step how you create! When I watch this, it makes me wanna paint!вЭ§пЄПвЭ§пЄПвЭ§пЄПвЭ§пЄПвЭ§пЄП",WowрЯФ•рЯФ•рЯФ•рЯФ• just love seeing your work,How do you paint such an incredible work!!! You're amazing рЯШНрЯШН,Pretty.,"Omg girl stop ittttt! This is soooo beautiful! рЯШН I swear you are in my head painting my dreams. If I could just be transported to one or all of the places you draw, IвАЩd be happy forever! рЯШНрЯ©ЈрЯ©ЈрЯ©Ј (Also, I finally replied to your message - so sorry for the delay!) вЬ®вЬ®вЬ®рЯЂґ",Omg!!! I missed your paintings the most past few days!!! This painting just gave me so much comfort its so beautiful girl!! I loved the painting вЭ§пЄП,How did you know IвАЩve been watching all the Barbie movies this week,What a dream this looksрЯСПрЯСПрЯСПрЯСПрЯСПрЯСП its through one of those gates that opened in the sandy plains and led the travellers to this paradiseрЯФ•рЯФ•рЯФ•,"@crescenteleven the way you cheered me up, thank you sm!! рЯТЬрЯТХyou must have a very whimsical soul! Welcome fairy рЯІЪвЬ®рЯЂґрЯПЉ",It's stunning рЯШН I love it soooo much!! рЯТЦрЯТЦ,This is gorgeous рЯШНрЯШНрЯШН the colors are stunning,How can I learn this type of arts do you have any suggestions for books? Or something I really like your arts,"This is a childhood dream come true! It radiates magic and wonder, IвАЩm in love рЯ©ЈвЬ®вЬ®",Nailed it puurrfffeeccttlllyyyyyyрЯТЦрЯМЯрЯТЦ,Omg this is so pretty I love it so much рЯ•Ї рЯТЦрЯТЦрЯТЦ,OMG I LOVED THIS MOVIE SOOOO MUCHHH SKDHDKDJKDJDвЭ§пЄПвЭ§пЄПвЭ§пЄПвЭ§пЄПвЭ§пЄПвЭ§пЄПвЭ§пЄПвЭ§пЄП,I admire your layering technique so much!! I'm afraid i would end up with everything mixing into a brown wet mush рЯШ≠рЯШВрЯ©ЈрЯ©ЈрЯШїрЯШї,"Yes, I remember this illustration. The Barbiecore is very strong with this one and all the pink colours remind me of Spring as well. I love the atmosphere and the landscape so much, it makes you want to teleport there. вШЇпЄПрЯ•Ї Such beautiful work as always. вШЇпЄПвШЇпЄПвШЇпЄП",This is so beautiful I could cry рЯШ≠рЯШ≠рЯШ≠ are prints for sale? I want it in my office,beyond stunning and nostalgicрЯТЮрЯТЮрЯТЮ i love your painting process a lotрЯ•євЬ®вЬ®,IвАЩm crying so cute,I adore seeing the process!! Its like watching real life magic unfold before my eyes !! I so wish to shrink down and become a character in your paintings рЯТУрЯТЩрЯШНрЯТХ,рЯ©µ,рЯ•єрЯ•єрЯ•є,рЯТХрЯТХ,This is soooo beautiful рЯШНрЯФ•рЯФ•,This is so gorgeous! I always love how vibrant your colours areрЯТЦрЯ©ЈрЯШН,,,,,,,,,,,,,,,,,,,,,,,,,,,,,,,,,,,,,,,,,,,,,,,,,,,,,,,,,,,,,,,,,,,,,,,,,,,,,,,,,,,,,,,,,,,,,,,,,,,,,,,,,,,,,,,,,,,,,,,,,,,,,,,,,,,,,
DQYB2QXEidj,I love it!! Hydrangeas are my favourite flowers :вАЩ-),Would you consider selling these / doing a workshop for it!! Id love to buy / make this as a gift!,So so lovely!! рЯ•є Seeing the details in person made me appreciate your work more рЯ•Ї,ThatвАЩs so so beautiful!! & you so talented рЯМђпЄПрЯШН,вЭ§пЄПвЭ§пЄПвЭ§пЄП,вЬ®вЬ®,TheyвАЩre so pretty oh wow!!!,Omg I love these! Are you selling them? вЭ§пЄП,рЯФ•рЯФ•рЯФ•,Gorgeous рЯТЪ,Hydrangeas~!! These are so delicate looking~ I was wondering if you could make Snowdrops too? I rarely see anyone make those flowers itвАЩs always lily of the valley instead,now thats a bouquet i really needрЯШН,they look perfect!!!!,рЯШНрЯШНрЯШН,I love it!!!! My favorite flower made from glass I need a bouquet рЯТР to cherish forever and they wonвАЩt die!,This is beautifullllрЯМЯ,вЭ§пЄПвЭ§пЄПвЭ§пЄПвЭ§пЄПвЭ§пЄП,"I need it, I want itрЯШНрЯШН",So elegant and pretty!рЯШН,Would totally buy a bouquet рЯШ≠рЯШ≠рЯШ≠,Need this in pink,This is soo prettyyyyрЯТЧрЯТЧ,this piece melted my heart; you go girl рЯЦ§,My favorite flower рЯШН,I would genuinely buy a bouquet of these omg вЭ§пЄПвЭ§пЄП so talented. my boyfriends favorite flower!,Great work there,Where do you go to learn this?рЯШ≠this is amazing,You should do Lily of the Valleys next,Can I buy a pretty forever flower?рЯШН,,,,,,,,,,,,,,,,,,,,,,,,,,,,,,,,,,,,,,,,,,,,,,,,,,,,,,,,,,,,,,,,,,,,,,,,,,,,,,,,,,,,,,,,,,,,,,,,,,,,,,,,,,,,,,,,,,,,,,,,,,,,,,,,,,,,,,,,,,,,,,,,,,,,,,,,,,
DKcV3N1TsQm,this is amazing!! рЯФ•вЭ§пЄП,рЯФ•рЯФ•,Wow fantastic workрЯЩМрЯЩМрЯФ•,fire bro рЯФ•рЯФ•,"You and your group of designer friends, just on fire рЯФ•рЯФ•. This Typography рЯСАрЯЂ†, WOW!! BAZAAR Magazine Spring Edition yessss рЯШНрЯШНрЯ•∞",рЯФ•рЯФ•рЯФ•,This is so beautiful вЭ§пЄП,рЯШНрЯШНрЯШН,Oooh that gradient color way is nice рЯФ•,This is wild bro рЯФ•,рЯФ•рЯФ•вЭ§пЄПрЯФ•вЭ§пЄПрЯФ•,Damn this is very coolрЯФ•,Ayy I love it,This could be a magazine cover рЯШН,вЭ§пЄПрЯФ•рЯФ•рЯФ•,рЯФ•рЯСПвЭ§пЄП,рЯФ•рЯФ•рЯФ•рЯФ•,Yo this is a dope shirt рЯФ• Nice work bro,"I love this so much, itвАЩs amazing вЭ§пЄПрЯМєрЯЦ§",рЯФ•рЯСМрЯПї,Really cool on clothing рЯШНрЯФ•live the colors so much!!,wow - awsome work рЯФ• The placements of the вАЮOвАШsвАЬ turned out amazing рЯЩМ,вЭ§пЄПвЭ§пЄПвЭ§пЄПmate this is absolutely stunning my friend,рЯМєрЯФ•,Ahh thatвАЩs me!,рЯШНрЯШН,"Yoooo this is lit iвАЩm a new fan and i really like your designs, it looks really cool вЭ§пЄП",вЭ§пЄП,Epic work рЯФ•рЯФ•рЯФ•,рЯ§©,вЭ§пЄПвЭ§пЄПвЭ§пЄПвЭ§пЄП,Great piece of art рЯФ•рЯФ•рЯФ•рЯФ•,send me the shirt рЯФ•рЯФ•,High qualityрЯЂґрЯПЊрЯЂґрЯПЊрЯЂґрЯПЊ,"Love this, absolutely firee рЯФ•рЯФ•","oh damn, hit em with the button down too! nice! рЯСМрЯПЉвЭ§пЄПвАНрЯФ•",Pure ART Bro!рЯШНрЯШНрЯШН,рЯСПрЯПїрЯСПрЯПїрЯСПрЯПї,Love this one bro рЯФ•рЯФ•рЯФ•рЯФ•рЯШН,Insaneee wow love itрЯСПрЯФ•,,,,,,,,,,,,,,,,,,,,,,,,,,,,,,,,,,,,,,,,,,,,,,,,,,,,,,,,,,,,,,,,,,,,,,,,,,,,,,,,,,,,,,,,,,,,,,,,,,,,,,,,,,,,,,,,,,,,,,,,,,,,,,,,,,,,,,,,,,,,,,,
DVYOc42DJK9,рЯФ•рЯФ•,@chevrolet my car blew up,рЯШЃрЯШЃрЯШЃрЯШЃрЯШЃрЯЦ§рЯ§НрЯЦ§рЯ§НрЯЦ§,,,,,,,,,,,,,,,,,,,,,,,,,,,,,,,,,,,,,,,,,,,,,,,,,,,,,,,,,,,,,,,,,,,,,,,,,,,,,,,,,,,,,,,,,,,,,,,,,,,,,,,,,,,,,,,,,,,,,,,,,,,,,,,,,,,,,,,,,,,,,,,,,,,,,,,,,,,,,,,,,,,,,,,,,,,,,,,,,,,,
DLi3y43shZY,That's adorable! I would love to have a flower like that рЯШЖ,THEY ARE SO CUTE the way theyвАЩre just hanging there,Where do i get this plant asking for a friend рЯ•ірЯ•ірЯШїрЯШїрЯШї,OMG!!! So many cuteness. Your color palette is so soft and sweet like candy. IвАЩm in love with this рЯШНрЯТХрЯЂґвЬ®,This is too cute!!! The colors and the bunnies and everything is perfect рЯ•євЭ§пЄП,Omigosh I love these so much рЯ•∞,This is so cute рЯЩМрЯСПрЯСП,Cute rabbits рЯР∞,вЭ§пЄП,Omg this is soooo cuteрЯТЮрЯОАвЬ®,рЯШНрЯШНрЯШНрЯШНрЯШН,sho cute,This is so cute imma follow,They are so cute ahhhhhh!!! рЯШНрЯШНрЯШНрЯ•єрЯТЦрЯТХрЯТЦрЯТХ,рЯШНрЯШНрЯШН,Bunny overload in the absolute cutest way possible~ I love them so much рЯ©Ј,This is so adorable! рЯШКрЯТХ,Such cuties!! рЯТХ,Omg sooo cute рЯ•Ї I would love to have one like that!!!!!!,Cute art like this makes me sooooo happy! Thank you рЯМЄвЬ®рЯНА,Buns of valley!!! My gosh such a cute idea вЭ§пЄП,this is so cute!!!!,Ahh!!They're sooo adorable!рЯ§НрЯ§НрЯ§Н,ITS SO CUTEEEEE,bunnyofthevalley <3,ChefвАЩs kiss пњљпњљ,The way I slammed the follow button рЯШНрЯШН,This is so magical and the cutest ever!! рЯШ≠вЭ§пЄПвЭ§пЄП,So freaking cute рЯ•∞ вЭ§пЄП,Omg! ThatвАЩs so cuuuute!!!рЯШН,I love this вЭ§пЄПвЭ§пЄП so pretty,THAT'S ACCTUALLY SO CUTEE!! Especially since lily of the valley is one of my favourite (if not my favourite) FLOWER(S)!,Hey there! IвАЩm passionate about Zentangle and mindful doodlingвАФturning simple lines into intricate art. I share my creative journey over at @tangled_euphoria and would love to connect with fellow art lovers. LetвАЩs inspire each other!,Help this is so beautiful рЯШ≠рЯЂґрЯПї,I really want this in a Tshirt,Aww this must be the most buntiful flower вЭ§пЄП,I really like rabbits and lily of the valley. What kind of products will be there? ?,I want this but in a white tiger form,Oh nooooooo thatвАЩs soo cute,рЯШНCan this be sold as a digital download or print ?,They are so cute вЭ§пЄП,These are so ADORABLEEEEEEEEEEE !,My heart рЯ•є,How cute ist thisрЯ•∞рЯ•∞рЯ•∞рЯ•∞рЯ•∞рЯ•∞рЯ•∞рЯ•∞рЯ•∞рЯ•∞,вЭ§пЄПвЭ§пЄПвЭ§пЄПвЭ§пЄПвЭ§пЄП,рЯСПрЯСПрЯСП,"The amount of times I saw this on Pinterest and wondered who was the artist, and the instagram recomended you! so happy now!рЯ•∞рЯШЃ",,,,,,,,,,,,,,,,,,,,,,,,,,,,,,,,,,,,,,,,,,,,,,,,,,,,,,,,,,,,,,,,,,,,,,,,,,,,,,,,,,,,,,,,,,,,,,,,,,,,,,,,,,,,,,,,,,,,,,,,,,,,,,,,,,,,,,,,
DOBuhjxCNNG,magical artрЯФ•рЯФ•рЯФ•,,,,,,,,,,,,,,,,,,,,,,,,,,,,,,,,,,,,,,,,,,,,,,,,,,,,,,,,,,,,,,,,,,,,,,,,,,,,,,,,,,,,,,,,,,,,,,,,,,,,,,,,,,,,,,,,,,,,,,,,,,,,,,,,,,,,,,,,,,,,,,,,,,,,,,,,,,,,,,,,,,,,,,,,,,,,,,,,,,,,,,
DTr79-Yk6a4,Damn those lineworks! вЬ®,вЭ§пЄПрЯШН,"This is absolutely gorgeous, lovely shape design, I want to live there вЭ§пЄП",How dare you show us this awesome piece!рЯФ•рЯЩМ,Love these man! Cool work рЯ§МрЯПї,рЯФ•рЯФ•,So beautiful man! Love it,Sick work! рЯЩМ,I agree with your philosophy and have been trying to do a similar thing of working on a small section of the design process instead of moving on and expanding out quickly,,,,,,,,,,,,,,,,,,,,,,,,,,,,,,,,,,,,,,,,,,,,,,,,,,,,,,,,,,,,,,,,,,,,,,,,,,,,,,,,,,,,,,,,,,,,,,,,,,,,,,,,,,,,,,,,,,,,,,,,,,,,,,,,,,,,,,,,,,,,,,,,,,,,,,,,,,,,,,,,,,,,,,,,,,,,,,
Cy-If2RN884,PRECIOSO CAMPO que termina en aquella ARBOLEDA !! -> tiene un DIFUMINADO asi como cierta borrosidad que parece que se MUEVE todo!! Refleja mucho los ELEMENTOS de la NATURALEZA рЯШНрЯ•∞рЯШЃрЯШ≥рЯІР-> es IMPRESIONANTE esa mezcla de colores y textura!! рЯІРрЯІРрЯШ≥рЯШЃ otra GENIALIDAD рЯШН que PINTURA dios mio рЯ•∞рЯЂ†,"The light green areas at the bottom pull the eyes down as if they were the subject. Otherwise, nice.",Oh!!Tus amapolasвЭ§пЄП,"рЯШ≥рЯШЃрЯІР ramitas , hierbitas, florecitas , peque√±os detallitos microsc√≥picosрЯІР te pierdes вА¶ рЯШЃ un aut√©ntico ESPECT√БCULO visual que agradable рЯШ≥рЯІР me encanta рЯШНрЯ•∞",Stunning рЯШНрЯШНрЯШН,Eres un fen√≥meno рЯФ•рЯФ•рЯФ•рЯСПрЯСП,Hola Ferm√≠n Tienes tutoriales o clases grupales online?,Can you give me  likes вЭ§пЄП in my paintings?,вЭ§пЄП,рЯСПрЯСПрЯСПрЯСПрЯСПрЯСПрЯСПрЯСПрЯСП,¬њQui√©n es un autor?,рЯСПрЯСПрЯСПрЯСП,ItвАЩs amazingly beautiful!!! so inspiring вЭ§пЄП,ЎЃџМўДџМ ЎЃџМўДџМ ЎєЎІўДџМўЗ,Absolutamente maravilloso !  Que bonito !!!!! рЯШНрЯШНрЯШНрЯСПрЯСПрЯСП,WOW!! вЭ§пЄП,рЯШЃрЯШЃрЯШЃрЯШЃвЭ§пЄПрЯЩМMAGN√НFICO!!!рЯСПрЯСП,Invita a caminar y mecerse en esa naturaleza tan bella y acogedora. рЯШНрЯШНрЯШН,"Muito talentoso, parab√©ns вЭ§пЄП",рЯСМрЯСМрЯСПрЯО®,Impresionante. Una gozada disfrutar tus obras. Un abrazo,SuperrrrrрЯШН,Una maravilla Ferm√≠n вЭ§пЄП,Qu√© preciosidad,Que colorido рЯШН am√©,рЯСПрЯСПрЯСПрЯФ•рЯЩМрЯЩМ Abrazo enorme Hermano!,рЯСПрЯСПрЯШН,Wow !!!! рЯШНрЯ•∞рЯ•∞рЯ•∞,рЯСПрЯСПрЯСПрЯСПрЯСПрЯШН,рЯШНрЯСПрЯСП,You are a wonderful artist. I love your art works.,BeautifulрЯ©ЈрЯТЦрЯТЧрЯСПрЯСПрЯСПрЯЩП,So sch√ґnрЯСПрЯСПрЯСПвЭ§пЄПвЭ§пЄПвЭ§пЄП,рЯШНрЯШНрЯШНрЯШН,You are amazing,рЯШН,"Beautiful painting, I love the way you painted the trees and showed light рЯЩВ",рЯШНвЭ§пЄПрЯШН,Work,Nice depth,рЯМє,рЯСП beautiful!,вЭ§пЄПвЭ§пЄПвЭ§пЄП,рЯШНрЯШНрЯШНрЯШН,вЮ°пЄПрЯТОвђЕпЄПрЯСМрЯСПрЯТЫ,рЯТЪрЯТЩ,рЯСПрЯСПрЯСП,Beautiful рЯШН,Amazing,Nice,,,,,,,,,,,,,,,,,,,,,,,,,,,,,,,,,,,,,,,,,,,,,,,,,,,,,,,,,,,,,,,,,,,,,,,,,,,,,,,,,,,,,,,,,,,,,,,,,,,,,,,,,,,,,,,,,,,,,,,,,,,,,,,,,,,,,
DTD6ISFD4Q-,Really like the vibes рЯТЂ,"This is insane, I thought it was a photograph",Amazing,рЯФ•рЯФ•рЯФ•,вЭ§пЄПрЯФ•,рЯТѓрЯТѓрЯТѓ,рЯШН,рЯШЃрЯШН,Amazing,Some of my favorite art I've ever seen,Perfection рЯШН,Wow вЬ®,вЭ§пЄПрЯФ•рЯСПрЯШН ;) рЯСПрЯФ•вЭ§пЄП,рЯЩМрЯЩМ,рЯШНрЯШНрЯШН,WowрЯШН,вЭ§пЄП,JesusрЯШНрЯ§Н,–¶–µ–љ–∞?,THIS WOMAN SUPPORTS ICE. HOW IRONIC,,,,,,,,,,,,,,,,,,,,,,,,,,,,,,,,,,,,,,,,,,,,,,,,,,,,,,,,,,,,,,,,,,,,,,,,,,,,,,,,,,,,,,,,,,,,,,,,,,,,,,,,,,,,,,,,,,,,,,,,,,,,,,,,,,,,,,,,,,,,,,,,,,,,,,,,,,,,,,,,,,,
CzWZhRMPvrq,"Your attention to detail in this sketch is astonishing.,Every stroke tells a story to viewers.рЯСПрЯФ•рЯОЙKeep it up",Woww!!! This is so beautiful рЯШНрЯШН,Wow!!! Amazing work рЯСПрЯСПрЯСПрЯСПрЯСП,Outstanding вЭ§пЄП,exquisiteрЯШНрЯШН,beautiful рЯШНрЯШНрЯСПрЯСП,"Beautiful вЭ§пЄПвЭ§пЄП. I loved how you highlighted the hair with green, creating a harmonious contrast with the natural surroundings, as if the hair is an extension of the earth itself.рЯЩМ",рЯМњрЯНАрЯНГExcellent art  workрЯЦЉрЯМњрЯНГрЯНАрЯЦМпЄПDear MadhuрЯТРрЯЂґрЯ•∞,So pretty!!!,рЯШНрЯШНрЯШН,вЭ§пЄПвЭ§пЄП,Lovely!,а§Ѓа§Єа•На§§ а§µа§∞а•На§Х,а§ђа§єа•Ба§§ а§Ца•Ва§ђ,WowрЯЩМ,WowрЯШЃрЯФ•рЯФ•рЯФ•рЯФ•,Wow!!!рЯШНрЯШН,Wow mesmerizing рЯЩМ,Wow it is beautifulрЯШНвЭ§пЄП,Wow рЯШЃрЯШН,Wow рЯФ•рЯФ•рЯФ•so perfection,Wow вЭ§пЄП,Wonderful! рЯСМрЯШНрЯСПвЭ§пЄПрЯМє,Wonderful work рЯСПрЯО®рЯФ•рЯ§ЧвЬ®пЄПвЭ§пЄП,What a great art рЯШН,WawвЭ§пЄПрЯШН,Very well done and beautiful artwork вЩ°вЩ°вЩ°,Stunning work !!рЯСПрЯСПрЯСПвЭ§пЄПвЭ§пЄП,So beautiful рЯ•∞рЯШН,Marvelous вЭ§пЄПрЯШН,I thought... Priyanka Chopra,How amazing вЭ§пЄП,Beautiful work рЯТѓрЯТРвШШпЄП,Beautiful вЭ§пЄП,AwesomeрЯШНрЯСПрЯСПрЯСПрЯСП,AmazingрЯШНрЯФ•рЯФ•вЭ§пЄПвЭ§пЄП,рЯСПрЯСПрЯСП,рЯСМрЯСМрЯСМ,рЯСМрЯПїрЯСМрЯПївЩ•пЄП,вЭ§пЄПрЯСМ,вЭ§пЄПвЭ§пЄПрЯСМрЯСНрЯСНрЯСНрЯФ•рЯФ•рЯФ•рЯФ•рЯФ•This is natural and Charming art рЯСМ,вЭ§пЄПвЭ§пЄПвЭ§пЄПвЭ§пЄП,вЭ§пЄПвЭ§пЄПвЭ§пЄП,вЭ§пЄП,вЭ§пЄП,@par_vathy It looks like you,@magazine.of_artвЧАпЄП@l.o.v.e.toрЯСИsend pic,,,,,,,,,,,,,,,,,,,,,,,,,,,,,,,,,,,,,,,,,,,,,,,,,,,,,,,,,,,,,,,,,,,,,,,,,,,,,,,,,,,,,,,,,,,,,,,,,,,,,,,,,,,,,,,,,,,,,,,,,,,,,,,,,,,,,,,,
C5-XuYytQJA,Il est magnifique рЯШНрЯСПрЯСПрЯСП,Waaaaaaw mais il est magnifique рЯШН,J'adore ton ciel ! рЯШНрЯСП,Magnifique рЯШН,Il est trop beau рЯШНрЯШНрЯШН,"Omg, this is gorgoues, I love Belle рЯШН",So lovely рЯТЮрЯТЮрЯОЉрЯОЉрЯТЮрЯТЮрЯОµрЯОµрЯТЮрЯТЮрЯОґрЯОґвЬПвЬПрЯЦМрЯЦМрЯО®рЯО®рЯТЧрЯТЧ Happy day Johanna рЯТЮрЯТЮрЯМЄрЯМЄ,рЯШНрЯШНрЯШНрЯШНрЯШН,Wonderful coloring рЯШН,Magnifique рЯШН bravo рЯСП,Superbe comme toujours вЭ§пЄПвЭ§пЄПвЭ§пЄП,"Magnifique!!! Le ciel est splendide, la petite maison on a envie d'y habiter рЯШН",Sublime рЯ§©рЯ§©рЯ§©рЯСП,Trop beau johanna вЭ§пЄП,рЯШНрЯСПрЯСПmagnifique,Superbe рЯШН. Ce ciel !!!,Magnifique рЯШН,Superbe! рЯШН,Magnifique вЬ®,Encore un colo canon,Splendide рЯШН,"C super beau Johanna, c lumineux. Bravo рЯСП !","Superbe, jвАЩaime beaucoup lвАЩeffet que tu as fait dans le ciel рЯСПрЯСПрЯСП",Il est splendide ma belle рЯШН cвАЩest super beau les couleurs,Magnifique рЯШН,Magnifique рЯШН,Sublime вЭ§пЄП,Quelle beaut√© рЯШН,Incroyable вЭ§пЄП,Poulouloulou рЯШНрЯ§©рЯ§©рЯШНрЯШНрЯШНрЯШНвЭ§пЄПвЭ§пЄПвЭ§пЄПрЯЩМрЯЩМрЯЩМрЯФ•рЯФ•рЯФ•,"Magnifique, le fond je le trouve tellement extraordinaire",Ce ciel est juste superbe рЯШНвЬ®,Magnifique рЯШН,рЯШНрЯШНрЯШНрЯШНрЯШН,Sublime рЯТЩ,"CвАЩest tellement beau, jвАЩadore рЯ•∞",Oh mais wouah рЯШН,вЭ§пЄП,,,,,,,,,,,,,,,,,,,,,,,,,,,,,,,,,,,,,,,,,,,,,,,,,,,,,,,,,,,,,,,,,,,,,,,,,,,,,,,,,,,,,,,,,,,,,,,,,,,,,,,,,,,,,,,,,,,,,,,,,,,,,,,,,,,,,,,,,,,,,,,,,
DVOsQAMiOGY,These are fun!,So lovely рЯШНрЯСП,Amazing рЯШНрЯШН,вЬ®вЬ®вЬ®вЬ®вЬ®рЯ•∞рЯ•∞рЯ•∞рЯ•∞вЭ§пЄПвЬ®,вШЇпЄПрЯСМрЯПЉвЬ®,So beautiful рЯШНрЯШНрЯШН,"Ooooh trop trop joli, tellement attendrissant рЯСПрЯСПрЯШНвЭ§пЄП",How cuteрЯ§НрЯ§НрЯ§НрЯ§Н,Very cute рЯШНрЯШНрЯШН,Very beautiful! рЯСПрЯСПвЭ§пЄПвЭ§пЄП,So cuteрЯШНрЯШНрЯШН,OMG! So adorable!! вЭ§пЄПвЭ§пЄП,"Aww, too cute рЯ•Ї",Awesome work рЯШНрЯШНрЯШНрЯСПрЯСПрЯСПрЯФ•so adorable рЯ•∞рЯ•∞рЯ•∞рЯ•∞рЯ•∞рЯ•∞,Adorable рЯШН,Adorable вЭ§пЄПвЭ§пЄПвЭ§пЄП,рЯШЃрЯШЃрЯСПрЯСПрЯСП,рЯШЃрЯФ•рЯФ•рЯФ•рЯСПрЯСПрЯСП,вЭ§пЄПрЯШНвЭ§пЄПрЯШНвЭ§пЄПрЯШНвЭ§пЄПрЯШН,вЭ§пЄПвЭ§пЄПвЭ§пЄП,#creative lovely kitties рЯШї,Purrifically cat-dorable рЯШїрЯШїрЯШї,Adorable рЯСПрЯСП,вЭ£пЄПрЯМЫрЯТЬрЯМЫвЭ£пЄП,мЦіл®ЄлВШ кЈАмЧђмЫМ рЯШН рЯЩИ рЯТХ рЯШЪ рЯШШ рЯШД,Wonderful рЯШН So beautiful рЯСПрЯСПвЭ§пЄП,Totally cute! рЯСПрЯСПрЯСПрЯСПвЭ§пЄПвЭ§пЄПвЭ§пЄПрЯШНрЯШНрЯШНрЯШН,SuperрЯСПрЯФ•рЯСПрЯФ•рЯСПрЯФ•рЯСПрЯФ•рЯСПрЯФ•рЯСП,Soooo sweeet рЯШНрЯШНрЯШНрЯШНрЯШН,Soooo putzig вЭ§пЄПрЯШНвЭ§пЄП,so cuteрЯШНрЯШНрЯШНрЯСПрЯР± рЯРИ рЯР±,so cute,Muy lindo . рЯСПрЯСПрЯСПрЯСПрЯСПрЯ§НрЯІ°,Magnifique рЯР±вЭ§пЄП,It Is cute!!!,Incredibly cute!!!,I like the second drawing the best. Thanks for sharing. рЯФ•рЯСП,I like it!,Fofo рЯШНрЯШНрЯШН,Beautiful вЭ§пЄПвЭ§пЄПрЯЂ∞рЯМЄрЯМєрЯТР,AwwwвЭ§пЄП,Awww so cute. рЯРЊвЭ§пЄП,Adorable art!!@вЭ§пЄП,"Aaaah, these cats are s√≥ cute!!! The first one is my favorite. вЭ§пЄПвЭ§пЄПвЭ§пЄП",рЯШНрЯШНрЯШНthe last one is so sweet and funnyрЯ§Ч,рЯШНрЯШНрЯШНрЯШНрЯШНрЯШНрЯШН,рЯШНрЯШНрЯШН,рЯШНрЯШН,рЯШНрЯСП,рЯФ•рЯФ•рЯФ•,,,,,,,,,,,,,,,,,,,,,,,,,,,,,,,,,,,,,,,,,,,,,,,,,,,,,,,,,,,,,,,,,,,,,,,,,,,,,,,,,,,,,,,,,,,,,,,,,,,,,,,,,,,,,,,,,,,,,,,,,,,,,,,,,,,,,
DU3SuY6CELe,Vraiment tr√®s beau рЯСПрЯСПрЯСПвЭ§пЄП,Stunning poniesрЯШН,рЯШНрЯШНрЯШН,рЯШН,Gorgeous,Gorgeous рЯ§О,Beautifull !!,Uw eerste liefde рЯ§©,Lovely рЯФ•,These are lovely рЯШН,Utter magic,рЯШН,рЯШНрЯШНрЯШН,These are all so beautiful!,рЯШНрЯШНрЯСМрЯПї,рЯФ•рЯФ•,This is very inspirational! Beautiful рЯ•∞,рЯЩМ These are so beautiful вЭ§пЄП,Beautiful вА¶. Also the presentationрЯСП,Love love love these рЯШНрЯШНрЯШН,"These pieces are truly remarkable! The paper appears to be quite unique, especially with that atmospheric, uneven edge вАФ it adds so much character!рЯФ•рЯШН",,рЯФ•рЯФ•рЯФ•рЯФ•рЯФ•рЯФ•рЯФ•,Oh goodness!! Incredible my friend!,рЯШНрЯШНрЯШН,Zooo prachtig weer!,Wauw prachtig!рЯШН,This is so beautiful,Love these so much вЭ§пЄП,These are so gorgeous! рЯТМ,"These delicate horse sketches on the textured handmade paper are beautiful, and I love how you've styled them with clover leaves and the aged wooden trayвАФso serene.",Obsessed,This is soo soo beautiful!,These are stunning!!!рЯРірЯШН,What kind of paper is this?рЯШНрЯЩМ,рЯШН,These are beautiful,Ohh they look absolutely gorgeous! вЭ§пЄПрЯШНрЯСП,Beautiful,Wow рЯШН,THE DETAILS IS INCREDIBLEрЯШНрЯШНрЯШНрЯШНрЯШНрЯШНрЯШНрЯШН,"IвАЩve just been looking through your page and I love all your sketches!! ItвАЩs really encouraging to see! I LOVE sketching, but sometimes fear people donвАЩt like them as much because pencil sketches donвАЩt have colorвА¶ anyway. Love what your doing here вЭ§пЄПвЭ§пЄП",Would love to buy some,Love вЭ§пЄП,My best вЬ®,,,,,,,,,,,,,,,,,,,,,,,,,,,,,,,,,,,,,,,,,,,,,,,,,,,,,,,,,,,,,,,,,,,,,,,,,,,,,,,,,,,,,,,,,,,,,,,,,,,,,,,,,,,,,,,,,,,,,,,,,,,,,,,,,,,,,,,,,,
DRJ6WbgDHPj,Her dress details are so pretty вЭ§пЄП! Amazing workрЯШН,Awww this is so pretty and beautiful! рЯ•єрЯІ°рЯ©Ј,How beautiful рЯ•ЇрЯ§≤рЯТЦ I love her dress рЯ•єрЯТХ,Wow this is so beautiful! рЯНОвЩ•пЄП,OMG! She's so lovely! I love her dress. And that she's a fairy is so magical рЯШНрЯТЬ,This is such a beautiful crab apple fairy рЯІЪ рЯНОвЬ® love her dress!! and the clouds are so magical рЯШН thank you so much for joining our challenge вШЇпЄП,"SheвАЩs absolutely stunning, so soft, dreamy, and full of autumn charm рЯНОвЬ® The flowing dress, warm colors, and gentle mood make this Crab Apple Fall Fairy feel like a scene from a beautiful storybook. Thank you for joining our challenge with such a graceful and magical piece! рЯНВрЯІЪвАНвЩАпЄПрЯМЯ","Holy wow рЯ§©!!!! Your work is fabulous! I am blown away by the amount of detail youвАЩve added to the scene, especially the detail and illustration work that you did with her dress! That is super impressive! I love the colors that youвАЩve used. They feel so warm and cozy! рЯШН Thank you so much for joining our challenge! Your support means everything! рЯЩМвЭ§","Wow, such a beauty!","The outfit on the figure looks stunning. The colors and the mood you created are amazing, as always. вШЇпЄПвЭ§пЄПрЯМЇ",Such a beautiful dress!! рЯІЪвАНвЩВпЄПрЯІЪрЯІЪвАНвЩАпЄП,Ah she is so graceful рЯШНрЯШЃ,Wow! This is awesome! Everything is perfect about it! рЯШН she is a real beautyqueen :) Thank you for joining us!,This is absolutely gorgeousвЭ§пЄП She looks like she just stepped out of a fairytale! I love the crab apple print on her dressрЯНОвЭ§пЄП such a beautiful detail. рЯНОвЬ®Thanks for joining our challenge рЯ§ОрЯІ°рЯ§Ч,,,,,,,,,,,,,,,,,,,,,,,,,,,,,,,,,,,,,,,,,,,,,,,,,,,,,,,,,,,,,,,,,,,,,,,,,,,,,,,,,,,,,,,,,,,,,,,,,,,,,,,,,,,,,,,,,,,,,,,,,,,,,,,,,,,,,,,,,,,,,,,,,,,,,,,,,,,,,,,,,,,,,,,,,
DSIYSSbDNd_,рЯХЈрЯХЄрЯСП,"Tolto il follow con molto piacere, peccato. Avrei voluto commentare positivamente. Buona arte. Saluti",THE ULTIMATE SPIDER-MAN ILLUSTRATION! рЯШНрЯШНрЯШНрЯШНрЯШН,WOWWWWW!!! рЯШНрЯШНрЯШНрЯШН I love it so much! вЭ§пЄП,Omg It is amazing !,Absolutely incredible work brother!! Well done!рЯФ•рЯФ•рЯФ•рЯФ•рЯФ•,"Wow bro what a piece рЯ§МвЬ®пЄП the pose, the shading ... e erything perfect рЯФ•рЯФ•рЯФ•рЯФ•рЯФ•","The bold primary colors combined with the pose makes him almost pop right off the page! The texture if the webs turned out amazing too! Great job on another masterpiece, Noops!! рЯФ•рЯФ•вЭ§пЄПвАНрЯФ•рЯШ≤рЯСПрЯСПрЯЩМрЯЩМрЯЩМвЬ®пЄП",THIS IS SO FIRE рЯШЃвАНрЯТ®рЯШЃвАНрЯТ®рЯШЃвАНрЯТ®рЯШЃвАНрЯТ®,Based,рЯСПрЯЩМрЯЩМрЯСПрЯЩМрЯСП,Wild рЯФ•рЯФ•рЯФ• nailed it noops!,рЯФ•рЯФ•рЯФ•рЯФ•рЯФ•,Sheeeshhhh,Magnificent work рЯШОрЯЩМрЯПљрЯФ•рЯФ•рЯФ•,"This Spider-Man artwork is pure visual perfection! The colors vibrate with life, the gleam in his eyes conveys presence вАФ a true work of art that unites technique and emotion. Great work bro!!! ItвАЩs awesome!!! рЯСПрЯПїрЯСПрЯПїрЯФ•рЯФ•рЯФ•",,"First рЯФ• those webs are really amazing, I can imagine the time it took you! рЯХЄпЄПрЯФ•",Yooo that's so dopeрЯФ•рЯФ•рЯФ•рЯФ•....cooked it really well..thank for making me look spectacular as usual рЯШН,"Bruh, its peak",,Peak!!!!рЯФ•рЯФ•рЯФ• amazing work !!рЯЩМрЯФ•рЯСПрЯШН,рЯХЄпЄПрЯХЄпЄПрЯХЄпЄПthis so great... absolutly perfect рЯ§©рЯ§©рЯ§©,Put this masterpiece of spider man on a shirt goddaaaaaamn!!!рЯФ•рЯФ•рЯФ•рЯШ©рЯШђрЯТѓрЯТ£,ThatвАЩs SICKK!! рЯФ•,,,Absolutely peakkkрЯФ•рЯФ•рЯФ•рЯФ• u are so talented,"Everything about this piece is excellent рЯСМрЯШН, one of my fav from you, the colours are perfect the pose is amazing love the рЯХЄпЄП too, very well executed рЯФ•рЯШНрЯШЃ",рЯШЃwhoaaa рЯФ•how did u do thisрЯЩМрЯЫР,рЯФ•supaida manрЯЩМ,,EPICCCCвЭ§пЄПвАНрЯФ•вЭ§пЄПвАНрЯФ•вЭ§пЄПвАНрЯФ•,рЯСПрЯСПрЯСПnice,Okay baby that looks sooooooo good рЯШН,AMAZINGрЯФ•you're so good!!! This looks 3DрЯШН the yellow background makes it really popвЬ®пЄПрЯЩМ,It even looks 3D! рЯФ•рЯФ•рЯФ•рЯФ•рЯФ•рЯФ•рЯФ•рЯФ•рЯФ•рЯФ•рЯФ•рЯФ•рЯФ•рЯФ•,Excellent рЯФ•рЯФ•рЯФ•рЯФ•рЯФ•рЯФ•рЯФ•,"You nailed it !! The light effects, the colours .... Wow рЯФ•",Incredible рЯШНрЯФ•,Love this artwork! The colors are amazing ! вЭ§пЄПвЭ§пЄПвЭ§пЄП,My spider senses are tingling рЯХЈпЄПрЯХЄпЄП phenomenal art рЯЩМрЯТЪрЯФ•рЯФ•рЯФ•рЯФ•рЯФ•,spidey is literally popping out the page! i love this one especially with the web рЯФ•рЯСПвЭ§пЄП,"Wow, fantastic! I can see the amount of work and time you invested, amazing work! рЯФ•рЯСПвЭ§пЄП",рЯФ•рЯФ• bro is cooking,That's so clean,This is incredible Noops!!! I love how you make the colors pop!!! рЯФ•рЯФ•вЭ§пЄП,Amazing рЯШНвЭ§пЄПрЯФ•рЯФ•рЯФ•рЯСПрЯСПрЯСПрЯХЄрЯХЈ,"Wowww thats awesome, absolutely love it рЯФ•рЯЩМвЭ§пЄП",Amazing рЯШНрЯШНрЯШНрЯСПрЯФ•,,,,,,,,,,,,,,,,,,,,,,,,,,,,,,,,,,,,,,,,,,,,,,,,,,,,,,,,,,,,,,,,,,,,,,,,,,,,,,,,,,,,,,,,,,,,,,,,,,,,,,,,,,,,,,,,,,,,,,,,,,,,,,,,,,,,,
DUSV9KtAh7_,"Hieno sulavalinjainen delffiini рЯШНрЯРђрЯТЩ Kyll√§ sun pit√§√§ nyt v√§h√§n ylypee olla, vaikka ei pohjolassa ite saisi рЯТ™рЯПїрЯШД","That looks so good, Jonna! рЯШНрЯШНрЯ•∞рЯ•∞рЯСПрЯСПрЯСП yesss IвАЩd be so proud myself if I could produce something like that рЯШНвЩ•пЄП","You are going on a brand new adventure, just like this amazing little dolphin seems to be doing рЯРђ You got this homie! рЯСК",рЯШНрЯШНрЯШН omg!!!!,"This is so good, one of your best animals I think рЯСПрЯСП And your comment about trying new things and being kind to yourself, well, I totally agree. It's so easy to be self-critical about your art. Personally I'm never happy with what I paint but I get so little time to do it, that I have to just say 'That'll do!' and move on. I'm going to learn more about mountains and the sea for a while anyway. Good luck in all you do and I look forward to seeing your new creations",рЯШН рЯРђ very cute,Priceless advice! Thus little guy is so cute рЯ•∞ looking forward to your brave new art adventures this year!,Soooo wundersch√ґn рЯШНрЯ•∞рЯЂґрЯПї,рЯШНрЯСПamazing,Beautifully painted and well said рЯЩМ,"Looks so good, talented af!! рЯФ•рЯШН",So cute,I love dolphinsрЯРђрЯРђрЯРђ,рЯ•єрЯ•єрЯ•єрЯТЦрЯТЦрЯТЦрЯТЦ love love love love love love love!,,,,,,,,,,,,,,,,,,,,,,,,,,,,,,,,,,,,,,,,,,,,,,,,,,,,,,,,,,,,,,,,,,,,,,,,,,,,,,,,,,,,,,,,,,,,,,,,,,,,,,,,,,,,,,,,,,,,,,,,,,,,,,,,,,,,,,,,,,,,,,,,,,,,,,,,,,,,,,,,,,,,,,,,,
DQ7CQx0gr5i,Gorgeous gorgeous gorgeous!рЯСПрЯСПрЯСПрЯСП,Beautiful,Wow рЯШН diese Augen! Ein wunderbares Bild рЯСПрЯСПрЯСПвЭ§пЄП,Gro√Яe Klasse geworden! Und eine tolle Farbauswahl рЯШНрЯШНрЯШН,Einfach ph√§nomenal Silvia рЯШН,Gorgeous,Sensationell SilviaрЯШН,вЭ§пЄПрЯСПрЯСП,Mega Mega gut!!вЭ§пЄП,Fantastic work рЯСПрЯСПрЯСПрЯСП,Beautiful вЭ§пЄП,Incredible work рЯСПрЯШН,рЯШНрЯШНрЯШН,рЯСП,Soooo wundersch√ґn geworden рЯШНрЯФ•рЯФ•рЯФ•рЯФ•рЯФ•,Meraviglioso,So cute вЭ§пЄП,Das Ergebnis ist wirklich gro√Яartig рЯШНрЯСПрЯСПрЯШНder Realismus ist fantastisch рЯСМрЯПЉрЯСМрЯПЉрЯСМрЯПЉрЯСМрЯПЉ,Ich mag deine Farbpalette sehr sehr sehr рЯШН Silvia rockt... wie immer вЭ§пЄП,Wonderful,wundersch√ґnes Katzenportrait рЯТѓрЯСПрЯПїрЯШї,Gorgeous Silvia!!вЭ§пЄП,Supertoll рЯСПрЯФ•вЭ§пЄП,This is gorgeous Silvia! Those beautiful eyes рЯШївЭ§пЄП,Great picture and colorsрЯСПрЯО®рЯЦМрЯТЬрЯЩП,Oh ich liebe es. So so sch√ґn. Und den Blick hast du perfekt eingefangen. рЯШН,Stunning рЯШНрЯСПрЯСП,Wundersch√ґn die MiezрЯШН,@silviafreiportraits  Wonderful! рЯЂґ,Es sieht so lebendig aus рЯШН Sehr beeindruckend! рЯСП,"Krass, wie realistisch Duden Blick eingefangen hastрЯШН ph√§nomenal рЯШЃ",Love this Silvia!рЯШНрЯСПрЯПїрЯСПрЯПї,That is so beautiful вЭ§пЄП,Das ist wundersch√ґn geworden!!рЯСПвЭ§пЄП,Gorgeous,Love this!,Absolutely adorable and excellent. I think you are a wonderful artist thanks for sharing,Wow! вЭ§пЄПвЭ§пЄПвЭ§пЄП,Toll geworden Silvia рЯ•∞,рЯШН,вЭ§пЄПвЭ§пЄП,рЯСНрЯСНрЯСНрЯТЬрЯТЬрЯТЬвЭ§вЭ§вЭ§,рЯШНвЭ§пЄПвЭ§пЄП,рЯШНрЯШНрЯШНрЯШНрЯСПрЯСПрЯСП,so eine sch√ґne KatzeрЯШНHabe mein erstes Alkoholtinte Bild fertiggestellt hast du's gesehen?,,,,,,,,,,,,,,,,,,,,,,,,,,,,,,,,,,,,,,,,,,,,,,,,,,,,,,,,,,,,,,,,,,,,,,,,,,,,,,,,,,,,,,,,,,,,,,,,,,,,,,,,,,,,,,,,,,,,,,,,,,,,,,,,,,,,,,,,,,
DS2rkiZDz2c,angel,рЯШНрЯШНрЯШН,рЯШНрЯШНрЯШН,вЭ§пЄП,вЭ§пЄПвЭ§пЄПвЭ§пЄПвЭ§пЄПрЯФ•рЯФ•рЯФ•,рЯФ•рЯФ•рЯФ•вЭ§пЄПвЭ§пЄПвЭ§пЄПвЭ§пЄП,PERFECT !,рЯФ•рЯФ•,рЯШНрЯШН,jaw = DROPPED,вЭ§пЄП Super girl рЯШН рЯ•А Super Special рЯФЭрЯ§Н,рЯМЈ,Merry Chritmas. !@!вЬ®рЯ§≤,рЯФ•вЭ§пЄП,рЯТПвЭ§рЯМЇрЯШШ,вЭ§пЄП,,Best,@nola_47_ ўИЎ±Ў®ўК ўЕўЖЎђЎѓ ўБўКўЗЎІ ўЕўЖўГ,рЯФ•,My model Kenny foreverrrrrrrrrrrrrrrrrrrrrrrrrrrrrrr рЯШНвЭ§пЄП,вЭ§пЄПвАНрЯФ•рЯМєрЯІЄрЯШШрЯПЖрЯ§ЮрЯПЊрЯФД,рЯФ•рЯФ•рЯФ•,Yo tambi√©n te amo con todo respeto рЯТЮ,The necklaceрЯШ≠вЩ•пЄП,perfection,рЯТНрЯЪЩрЯЫ©пЄПрЯ§±рЯШ±рЯ§ЈвАНвЩВпЄП,I pray itвАЩs gonna be the best year youвАЩve ever had вЬ®,Classic Kendall рЯШВ,Beda press sotishyaptikan omiszmi?),рЯТО,@yuna_1_27,Baddie,,,рЯШН рЯШН рЯШН рЯШН рЯШН рЯШН рЯШН рЯШН рЯШН рЯШН рЯШН рЯШН рЯШН рЯШН рЯШН рЯШН рЯШН рЯШН рЯШН рЯШН рЯШН рЯШН рЯШН рЯШН рЯШН рЯШН рЯШН рЯШН рЯШН рЯШН рЯШН рЯШН рЯШН рЯШН рЯШН рЯШН рЯШН рЯШН рЯШН рЯШН рЯШН рЯШН рЯШН рЯШН рЯШН рЯШН рЯШН рЯШН рЯШН рЯШН рЯШН рЯШН рЯШН рЯШН рЯШН рЯШН рЯШН рЯШН рЯШН рЯШН рЯШН рЯШН рЯШН рЯШН рЯШН рЯШН рЯШН рЯШН рЯШН рЯШН рЯШН рЯШН рЯШН рЯШН рЯШН рЯШН рЯШН рЯШН рЯШН рЯШН рЯШН рЯШН рЯШН рЯШН рЯШН рЯШН рЯШН рЯШН рЯШН рЯШН рЯШН рЯШН рЯШН рЯШН рЯШН рЯШН рЯШН рЯШН рЯШН рЯШН рЯШН рЯШН рЯШН рЯШН рЯШН рЯШН рЯШН рЯШН рЯШН рЯШН рЯШН рЯШН рЯШН рЯШН рЯШН рЯШН рЯШН рЯШН рЯШН рЯШН рЯШН рЯШН рЯШН рЯШН рЯШН рЯШН рЯШН рЯШН рЯШН рЯШН рЯШН рЯШН рЯШН рЯШН рЯШН рЯШН рЯШН рЯШН рЯШН рЯШН рЯШН рЯШН рЯШН рЯШН рЯШН рЯШН рЯШН рЯШН рЯШН рЯШН рЯШН рЯШН рЯШН рЯШН рЯШН рЯШН рЯШН рЯШН рЯШН рЯШН рЯШН рЯШН рЯШН рЯШН рЯШН рЯШН рЯШН рЯШН рЯШН рЯШН рЯШН рЯШН рЯШН рЯШН рЯШН рЯШН рЯШН рЯШН рЯШН рЯШН рЯШН рЯШН рЯШН рЯШН рЯШН рЯШН рЯШН рЯШН рЯШН рЯШН рЯШН рЯШН рЯШН рЯШН рЯШН рЯШН рЯШН рЯШН рЯШН рЯШН рЯШН рЯШН рЯШН рЯШН рЯШН рЯШН рЯШН рЯШН рЯШН рЯШН рЯШН рЯШН рЯШН рЯШН рЯШН рЯШН рЯШН рЯШН рЯШН рЯШН рЯШН рЯШН рЯШН рЯШН рЯШН рЯШН рЯШН рЯШН рЯШН рЯШН рЯШН рЯШН рЯШН рЯШН рЯШН рЯШН рЯШН рЯШН рЯШН рЯШН рЯШН рЯШН рЯШН рЯШН рЯШН рЯШН рЯШН рЯШН рЯШН рЯШН рЯШН рЯШН рЯШН рЯШН рЯШН рЯШН рЯШН рЯШН рЯШН рЯШН рЯШН рЯШН рЯШН рЯШН рЯШН рЯШН рЯШН рЯШН рЯШН рЯШН рЯШН рЯШН рЯШН рЯШН рЯШН рЯШН рЯШН рЯШН рЯШН рЯШН рЯШН рЯШН рЯШН рЯШН рЯШН рЯШН рЯШН рЯШН рЯШН рЯШН рЯШН рЯШН рЯШН рЯШН рЯШН рЯШН рЯШН рЯШН рЯШН рЯШН рЯШН рЯШН рЯШН рЯШН рЯШН рЯШН рЯШН рЯШН рЯШН рЯШН рЯШН рЯШН рЯШН рЯШН рЯШН рЯШН рЯШН рЯШН рЯШН рЯШН рЯШН рЯШН рЯШН рЯШН рЯШН рЯШН рЯШН рЯШН рЯШН рЯШН рЯШН рЯШН рЯШН рЯШН рЯШН рЯШН рЯШН рЯШН рЯШН рЯШН рЯШН рЯШН рЯШН рЯШН рЯШН рЯШН рЯШН рЯШН рЯШН рЯШН рЯШН рЯШН рЯШН рЯШН рЯШН рЯШН рЯШН рЯШН рЯШН рЯШН рЯШН рЯШН рЯШН рЯШН рЯШН рЯШН рЯШН рЯШН рЯШН рЯШН рЯШН рЯШН рЯШН рЯШН рЯШН рЯШН рЯШН рЯШН рЯШН рЯШН рЯШН рЯШН рЯШН рЯШН рЯШН рЯШН рЯШН рЯШН рЯШН рЯШН рЯШН рЯШН рЯШН рЯШН рЯШН рЯШН рЯШН рЯШН рЯШН рЯШН рЯШН рЯШН рЯШН рЯШН рЯШН рЯШН рЯШН рЯШН рЯШН рЯШН рЯШН рЯШН рЯШН рЯШН рЯШН рЯШН рЯШН рЯШН рЯШН рЯШН рЯШН рЯШН рЯШН рЯШН рЯШН рЯШН рЯШН рЯШН рЯШН рЯШН рЯШН рЯШН рЯШН рЯШН рЯШН рЯШН рЯШН рЯШН рЯШН рЯШН рЯШН рЯШН рЯШН рЯШН рЯШН рЯШН рЯШН рЯШН рЯШН рЯШН рЯШН рЯШН рЯШН рЯШН рЯШН рЯШН рЯШН рЯШН рЯШН рЯШН рЯШН рЯШН рЯШН рЯШН рЯШН рЯШН рЯШН рЯШН рЯШН рЯШН рЯШН рЯШН рЯШН рЯШН рЯШН рЯШН рЯШН рЯШН рЯШН рЯШН рЯШН рЯШН рЯШН рЯШН рЯШН рЯШН рЯШН рЯШН рЯШН рЯШН рЯШН рЯШН рЯШН рЯШН рЯШН рЯШН рЯШН рЯШН рЯШН рЯШН рЯШН рЯШН рЯШН рЯШН рЯШН рЯШН рЯШН рЯШН рЯШН рЯШН рЯШН рЯШН рЯШН рЯШН рЯШН рЯШН рЯШН рЯШН рЯШН рЯШН рЯШН рЯШН рЯШН рЯШН рЯШН рЯШН рЯШН рЯШН рЯШН рЯШН рЯШН рЯШН рЯШН рЯШН рЯШН рЯШН рЯШН рЯШН рЯШН рЯШН рЯШН рЯШН рЯШН рЯШН рЯШН рЯШН рЯШН рЯШН рЯШН рЯШН рЯШН рЯШН рЯШН рЯШН рЯШН рЯШН рЯШН рЯШН рЯШН рЯШН рЯШН рЯШН рЯШН рЯШН рЯШН рЯШН рЯШН рЯШН рЯШН рЯШН рЯШН рЯШН рЯШН рЯШН рЯШН рЯШН рЯШН рЯШН рЯШН рЯШН рЯШН рЯШН рЯШН рЯШН рЯШН рЯШН рЯШН рЯШН рЯШН рЯШН рЯШН рЯШН рЯШН рЯШН рЯШН рЯШН рЯШН рЯШН рЯШН рЯШН рЯШН рЯШН рЯШН рЯШН рЯШН рЯШН рЯШН рЯШН рЯШН рЯШН рЯШН рЯШН рЯШН рЯШН рЯШН рЯШН рЯШН рЯШН рЯШН рЯШН рЯШН рЯШН рЯШН рЯШН рЯШН рЯШН рЯШН рЯШН рЯШН рЯШН рЯШН рЯШН рЯШН рЯШН рЯШН рЯШН рЯШН рЯШН рЯШН рЯШН рЯШН рЯШН рЯШН рЯШН рЯШН рЯШН рЯШН рЯШН рЯШН рЯШН рЯШН рЯШН рЯШН рЯШН рЯШН рЯШН рЯШН рЯШН рЯШН рЯШН рЯШН рЯШН рЯШН рЯШН рЯШН рЯШН рЯШН рЯШН рЯШН рЯШН рЯШН рЯШН рЯШН рЯШН рЯШН рЯШН рЯШН рЯШН рЯШН рЯШН рЯШН рЯШН рЯШН рЯШН рЯШН рЯШН рЯШН рЯШН рЯШН рЯШН рЯШН рЯШН рЯШН рЯШН рЯШН рЯШН рЯШН рЯШН рЯШН рЯШН рЯШН рЯШН рЯШН рЯШН рЯШН рЯШН рЯШН рЯШН рЯШН рЯШН рЯШН рЯШН рЯШН рЯШН рЯШН рЯШН рЯШН рЯШН рЯШН рЯШН рЯШН рЯШН рЯШН рЯШН рЯШН рЯШН рЯШН рЯШН рЯШН рЯШН рЯШН рЯШН рЯШН,zillion times better,,Do you think your mom and stallone have anything to do with the hadids having lyme disease @kourtneykardash @kendalljenner @kimkardashian @kyliejenner,Kendall. Your beautiful fingersрЯТЛ,рЯФ•,рЯЩАрЯШНрЯ•∞рЯШШ,Old money рЯСЙрЯПњрЯСИрЯПњ,u really simmillar looking like one person i poland Klaudia Sadownik,рЯШП,or she looks like u :D,Dracuszardu,вЭ§пЄПвЭ§пЄПрЯШН,Love u,Kendall is captivatingрЯМєрЯНУрЯС©вАНвЭ§пЄПвАНрЯС®рЯНУрЯМє,,,,,,,,,,,,,,,,,,,,,,,,,,,,,,,,,,,,,,,,,,,,,,,,,,,,,,,,,,,,,,,,,,,,,,,,,,,,,,,,,,,,,,,,,,,,,,,,,,,,,,,,,,,,,,,,,,,,,,,,,,,,,,,,,,,,,
DUyPt9VjsQ5,,Someday iвАЩll be there рЯЩПрЯШН,Nice atmosphereрЯФ•,Perfect,Wow рЯЦ§,рЯШН,рЯФ•,Hermosa рЯСПрЯСП!!,рЯШНрЯШНрЯШН,рЯШНрЯШНрЯШНрЯШН,,Hypnotized вЭ§пЄП,So nice,BeautifulрЯФ•рЯЦ§,Gorgeous shot рЯСПрЯСПрЯСП,рЯ©ґ,рЯШНрЯШНрЯШНрЯШНрЯШНрЯШН,вЭ§пЄП,,Dark Knight vibe рЯШНрЯШН,вЭ§пЄП,Simply a dream,рЯШН,рЯШНрЯФ•рЯФ•рЯФ•,рЯШНрЯШН,вЭ§пЄПвАНрЯФ•вЭ§пЄПвАНрЯФ•рЯФ•вЬ®,рЯФ•рЯЩМ,рЯФ•рЯФ•рЯФ•,It had been a while since I'd seen any of your videos.рЯШН,Dope рЯФ•,Breathtaking рЯФ•,CozyрЯШН,Follow,Come Join Us вШАпЄП,OMG I LOVE IT,,рЯШНрЯШНрЯШНрЯШНрЯШНрЯШНрЯШНрЯШНрЯШНрЯШНрЯШН,вЭ§пЄП,рЯШНрЯШН,Someday i will experience this,рЯЦ§рЯ§©,рЯСБпЄП,Make mood short more longer please,Why nyc always has police car horn,Amazing рЯШН,,,Is this really look in World рЯ§ФрЯМН where it is,рЯФ•рЯШН,рЯШНрЯШНрЯШНрЯШН,,,,,,,,,,,,,,,,,,,,,,,,,,,,,,,,,,,,,,,,,,,,,,,,,,,,,,,,,,,,,,,,,,,,,,,,,,,,,,,,,,,,,,,,,,,,,,,,,,,,,,,,,,,,,,,,,,,,,,,,,,,,,,,,,,,,,
DMdI1V1x-FB,Ў≥Ў®Ў≠ЎІўЖ ЎІўДЎ∞ўК ЎЃўДўВ ўИЎІЎ®ЎѓЎє рЯІ°,WowwwwрЯ•є,вЭ§пЄПвЭ§пЄПвЭ§пЄПрЯФ•рЯФ•рЯФ•рЯФ•,вЭ§пЄПрЯШНрЯШН,вЭ§пЄП,Que pasada de bonitoрЯШН,So peaceful вШБпЄП,рЯШНрЯШНрЯШН,вЭ§пЄПвЭ§пЄПвЭ§пЄПвЭ§пЄП,рЯШНрЯШН,рЯШНрЯШНрЯШН,"OMG, I LOVE this!!!",рЯШН,рЯШНрЯШНрЯШНрЯШН,вЭ§пЄП,вЭ§пЄПвЭ§пЄПвЭ§пЄП,рЯШНрЯШНрЯШН,рЯШНрЯШНрЯШНрЯШНрЯШНрЯШНрЯШНрЯШН,рЯІ°,рЯШНрЯШНрЯШНрЯШН,рЯШН,This view вА¶forever рЯ•є,@rivasmp01 as√≠ te veo yo рЯІ°,Sky healing рЯМ§пЄПвЬ®,рЯШНрЯШН,рЯШНрЯШНрЯШН,вЭ§пЄП,рЯШНрЯШНрЯШН,рЯШН,рЯШНвЭ§пЄП,рЯШЃрЯШН,рЯШН,рЯШЃрЯ•ЇвЭ§пЄП,рЯШН,рЯШН,рЯФ•рЯФ•рЯФ•рЯФ•рЯФ•рЯФ•,Io e Cludi viviamo qui рЯ§ЭрЯПїрЯ™Ј,рЯ§©,рЯШЃвАНрЯТ®рЯШЃвАНрЯТ®рЯШЃвАНрЯТ®,Wanna see magic? Add this to your story it changes colour,вЭ§пЄПрЯЩМвЭ§пЄПвЭ§пЄПрЯЩМвЭ§пЄПвЭ§пЄПвЭ§пЄП,Beautiful heavens sky clouds,рЯШН,рЯІ°,рЯШН,рЯФ•рЯШН,рЯШНрЯШНвЭ§пЄП,рЯЦ§рЯІ°,Clouds symbolize calmness,вЭ§пЄП,,,,,,,,,,,,,,,,,,,,,,,,,,,,,,,,,,,,,,,,,,,,,,,,,,,,,,,,,,,,,,,,,,,,,,,,,,,,,,,,,,,,,,,,,,,,,,,,,,,,,,,,,,,,,,,,,,,,,,,,,,,,,,,,,,,,,
DUf6bsWAXBE,How sweet is this kid?!рЯ•∞рЯ•∞рЯ•∞,"Sandhill cranes always take their colts on special outings, but these outings are all about finding food and how to avoid danger, something, the young birds will have to learn when they become adults and become parents themselves.",So cute! Love this footage рЯШНрЯШН,Charming,Lindo e cheio de energia.,CUTENESS OVERLOAD рЯШНрЯШНрЯШН,√Зok g√Љzel рЯСПрЯСПрЯСПрЯТР,вЭ§пЄПвЭ§пЄПвЭ§пЄП,Adorable ! вЭ§пЄП,Beautiful рЯШН,Beautiful вЭ§пЄПвЭ§пЄПвЭ§пЄП,Beautiful рЯШНрЯШНрЯШН,Omgsocute!,рЯШВрЯШВрЯШВрЯШНрЯШНрЯШНрЯШНрЯШНрЯШНрЯШН,Love this great work!,Stunning video рЯФ•рЯФ•рЯФ•рЯФ•рЯФ•,Awesome рЯСПрЯСП,Gorgeous рЯШ≠,рЯФ•рЯФ•рЯФ•вЭ§пЄП,Look at the knobby-kneed cult!,вЭ§пЄПвЭ§пЄП,So cute!! рЯСПрЯСПрЯШН,рЯШНрЯФ•рЯСП,рЯСПрЯСПрЯСП,Beautiful рЯ§ОрЯ§О,аЃЕаЃЃаѓНаЃЃаЃЊ...рЯШН,So adorable,RozczulajƒЕce ¬°!!,"Sleek legs,and tiny wings .Lovely рЯШНрЯШНрЯСПрЯСП",Such a cutie! Makes me smile!,рЯШЃрЯШЃвЭ§пЄПвЭ§пЄПвЭ§пЄПвЭ§пЄПвЭ§пЄПрЯСПрЯСП,вЭ§пЄПвЭ§пЄПвЭ§пЄПвЭ§пЄПвЭ§пЄПвЭ§пЄПвЭ§пЄП,вЭ§пЄПвЭ§пЄПрЯШН,рЯШНрЯШНрЯШН,рЯФ•рЯФ•,вЭ§пЄПвЭ§пЄПвЭ§пЄПвЭ§пЄП,рЯШНрЯШНрЯШНрЯШНрЯШНрЯШНрЯШНрЯШНрЯШНвЭ§пЄПвЭ§пЄПвЭ§пЄП,вЭ§пЄПвЭ§пЄПвЭ§пЄПрЯШВрЯШВрЯШВ,вЭ§пЄПвЭ§пЄПвЭ§пЄПвЭ§пЄПвЭ§пЄП,Gorgeous. рЯ§ЧвЭ§пЄП,вЩ•пЄПвЩ•пЄПвЩ•пЄПвЩ•пЄПвЩ•пЄПвЩ•пЄП,Your videos are perfect. I feel like I can pet his fluffy down вЭ§пЄПвЭ§пЄПвЭ§пЄП,рЯФ•рЯШНрЯФ•,рЯФ•рЯФ•рЯО•,рЯШН,Oh my!!! Is this in Arizona?,рЯШН,Beautiful рЯТХ,So beautiful рЯСПрЯШН,Sooooo darn sweeeeetрЯШНрЯШНрЯШН,,,,,,,,,,,,,,,,,,,,,,,,,,,,,,,,,,,,,,,,,,,,,,,,,,,,,,,,,,,,,,,,,,,,,,,,,,,,,,,,,,,,,,,,,,,,,,,,,,,,,,,,,,,,,,,,,,,,,,,,,,,,,,,,,,,,,
DU4prPtDcDC,Take me theree рЯШҐ,Temple run рЯЩМ,,,ўБўЕЎІ Ў®ЎІўДўГ Ў®ЎІўДЎђўЖЎ©,,,"Wow, great work. I'd love to be there now",Ai looks good but youвАЩll never know the smell or feel of that place,This might be a blender.,Really i don't have words to express рЯШ≠,,Temple Run HD..!!!,Wowe,Be like water because people will be happy only when you flow according to their wishes.вЭ§пЄПвАНрЯ©є,"The scene feels incredibly immersive рЯММ вАФ the atmosphere, the sound рЯФК, and the pacing рЯОђ all come together to create something that keeps your attention from start to finish. рЯФ•вЬ®",,Imagine this one on a wall with a 3D effect рЯШҐрЯШНрЯШНвЭ§пЄПвЭ§пЄПвЭ§пЄП,Temple run,,рЯШНрЯШНрЯШНрЯШНрЯШНрЯШНрЯШНрЯШН,Shukoon рЯЩМ,This please really excite рЯ•≤рЯШЃ,,,вЭ§пЄПвЭ§пЄПвЭ§пЄП,рЯШН,рЯШНрЯШНрЯСПрЯСП,It's my dream вЭ§пЄПвАНрЯ©єрЯТѓ,Relaxation 1000000000%,Temple run?,This feels like temple run,Unreal,рЯШЃ,Bhai esi duniy me le chlo,вЭ§пЄПрЯШН,рЯФ•рЯФ•рЯФ•рЯФ•рЯФ•рЯФ•рЯФ•рЯФ•,рЯШНрЯШН,рЯШНрЯШНрЯШНрЯШНрЯШНрЯШНрЯШНрЯШНрЯШНрЯШНрЯШНрЯШНрЯШН,Beautiful вЭ§пЄПвЭ§пЄПвЭ§пЄП,Bhai temple run ki yaad aa gyi,Gratid√£o Universo! рЯЩМвЭ§пЄП,How it feels when you later hit that successful life you want,Love it' рЯШН,More than dream world,Prove that AI can also be used for good things,,benchmarking counter strike source was like this,Damn that's cool af,I love this вЭ§пЄП,,,,,,,,,,,,,,,,,,,,,,,,,,,,,,,,,,,,,,,,,,,,,,,,,,,,,,,,,,,,,,,,,,,,,,,,,,,,,,,,,,,,,,,,,,,,,,,,,,,,,,,,,,,,,,,,,,,,,,,,,,,,,,,,,,,,,
Cn0U3pipNXd,Sonho!!! вЭ§пЄПвЭ§пЄПвЭ§пЄП @constmarwan @oscmwf,рЯШНрЯШНрЯШНрЯШН,@president_adanna1,@yveejm I would like to schedule right here for my birthday photoshoot,@styrka_brckis рЯСЄрЯПїрЯ§Н,@shanicelambie,El h√°bitat de Beto @grisalonso7 @beto_coppetti @luchoratto рЯШВрЯШВ,@nicolaspolanco,@tommbeach I wanna walk here w you,Nos damos una vuelta @jessycastelan?,рЯШНрЯШНрЯШН,Amazing place рЯФ•,OmgрЯЩМрЯЩМ,Check my story рЯСА,My favorite night walk,вЭ§пЄПвЭ§пЄП,Absolutely beautiful!! вЭ§пЄП,@jahsenmicom,@vjweibel,@matheuscoercio @sophia.coercio @ricardo_coercio вЭ§пЄП,@jcanto.dj,@colly_gali рЯШН,@holpretious,@cagfilmz,@annsophie.hi,@its_sags_ IвАЩm always a sucker for romantic lights рЯШНрЯ§©,@andreaachille,@christinamarienyc,Wow @luisdaolivera,@jamiekerr86,@cerezavillarreal,@tommydownunder,@stephylee0317 yooвА¶ when we go back to our hometownвА¶ i need to hit all these gems spots.,@cindy_xb,@laisshs вЭ§пЄП,@ledatzirnazoglou рЯТГрЯПЉрЯТГрЯПЉ,@emerca81 рЯШН,@norabkth & @ejsx_ рЯ•єрЯТХ,Awesome. Love Brooklyn heights. Killer views. Especially off the fruit streets рЯФ•рЯФ•,@tmeyer312 perf place for you,@francesca_ruggiero92,@racheljhogan,@pauliinka_91 вЭ§пЄП,@ros_denaro рЯШН,@kwas4life рЯШН,@giobelluu passa una bella serata cuore вЬ®,@phuonggy_love_lemonade IвАЩd like to walk this bridge with you,@bimma.ap вЭ§пЄПвЩЊпЄП,Lower Manhattan views from Squibb Park Bridge are unreal вАФ awesome spot.,NYC is the most beautiful place in the world!,,,,,,,,,,,,,,,,,,,,,,,,,,,,,,,,,,,,,,,,,,,,,,,,,,,,,,,,,,,,,,,,,,,,,,,,,,,,,,,,,,,,,,,,,,,,,,,,,,,,,,,,,,,,,,,,,,,,,,,,,,,,,,,,,,,,,
DCo8_2DRKy_,"Faith, hope, love This is the motto of my life Free as a bird Who soars into the sky at dawn With faith as boundless as the ocean With hope hidden in my heart With love still for others Although I so rarely get it in exchange Irina, beautiful, free, liberated-all of you рЯ§НвЬ®рЯЂґ You invariably delight рЯЩМ",рЯШНрЯШНрЯШНвЭ§пЄПвЭ§пЄПвЭ§пЄП,рЯШНрЯШНрЯШНвЭ§пЄПвЭ§пЄПвЭ§пЄП,рЯСПрЯФ•,Amazing вЭ§пЄП,@irina_vylezhnina_ this is incredibly beautiful and inspiring рЯФ•вЭ§пЄПyou are amazing my friend рЯШНвЭ§пЄП,Merina rognрЯШН,вЭ§пЄПвЬ®рЯТХвЬ®рЯТЦрЯЩПрЯПЉрЯЂґрЯПЉвЬ®рЯМКвЫµрЯМКвЫµрЯМКрЯМ†рЯХКпЄП,вЭ§пЄПвЭ§пЄПвЭ§пЄПвЭ§пЄПвЭ§пЄПвЭ§пЄПвЭ§пЄП,вЭ§пЄПвЬ®рЯТХвЬ®рЯТЦрЯЩПрЯПЉрЯЂґрЯПЉвЬ®рЯМ†рЯХКпЄП,вЭ§пЄПвЭ§пЄП,Ў≠ўКЎЂ Ў≥ўГўИўЖ ЎІўДЎ±ўИЎ≠....,Lovely and beautiful as always вЬЕрЯМЯрЯМЯрЯМЯрЯМЯрЯМЯ,Vraiment magnifique....рЯІ°рЯЦ§ belle journ√©e √† vous,вЭ§пЄПрЯ§ОрЯІ°рЯТЦ,Awesome рЯШНрЯШНрЯШНвЭ§пЄПвЭ§пЄПвЭ§пЄП,Just beautiful!!рЯШНрЯШНрЯШН So graceful!!,рЯФ•рЯФ•рЯФ•,"A stranger is being special, Feels like falling in love again...!!!",Boundless is a great word рЯХКпЄП,рЯШНвЭ§пЄПрЯФ•,рЯП°рЯНѓрЯН®рЯНЂрЯ•≠рЯЗІрЯЗЈрЯІЙрЯЫєрЯОІ,рЯШҐwow,Such an elegant vision of freedom and oneness. Thank you for always inspiring us!,рЯФ•рЯШНрЯФ•рЯШНрЯФ•рЯШН,Stunning рЯСПрЯЩМрЯПї,вЭ§пЄПрЯХК,I found your page very peaceful and inspiringвА¶рЯ§НрЯ§Н,So Amazing рЯФ•,Just so beautiful вЭ§пЄПвЭ§пЄПвЭ§пЄПрЯШНрЯШНрЯШН,Vos vid√©os sont magnifiques.....рЯЩП,"Peace of mind, happiness of heart, and love of those who love you, this is the most beautiful feeling in life",рЯФ•рЯСПрЯСП,Beautiful вЭ§пЄП,So beautiful рЯ§Н,You are wonderfull вЭ§пЄП thank you for you вЭ§пЄП,вЭ§пЄПрЯЩМвЭ§пЄП,рЯФ•,I feel so comfortable when I watch your videos.вЭ§пЄПвЭ§пЄПрЯЩМ,вЭ§пЄП,вЭ§пЄПрЯФ•,вЭ§пЄП,"рЯЩМрЯМК рЯІ° –Њ—З–µ–љ—М –ї–µ–≥–Ї–Њ –Є –Ї—А–∞—Б–Є–≤–Њ, —Б —З—Г–і–µ—Б–љ—Л–Љ —Б–Њ–њ—А–Њ–≤–Њ–ґ–і–µ–љ–Є–µ–Љ —Б–≤–Њ–±–Њ–і—Л –Є –Ї—А–∞—Б–Њ—В—ЛрЯХКпЄПвШАпЄП",вЭ§пЄП,Tudo muito lindo,вШАпЄП,вЭ§пЄПвЭ§пЄПрЯШНрЯШН,рЯМЄвЭ§пЄП,You are such a whole other vibe!! рЯШНрЯФ•рЯФ•,рЯФ•вЭ§пЄПвЭ§пЄП,,,,,,,,,,,,,,,,,,,,,,,,,,,,,,,,,,,,,,,,,,,,,,,,,,,,,,,,,,,,,,,,,,,,,,,,,,,,,,,,,,,,,,,,,,,,,,,,,,,,,,,,,,,,,,,,,,,,,,,,,,,,,,,,,,,,,
DULiw0HjQcG,Richtig gutрЯФ•рЯФ•рЯФ•,Freu mich das dir die z8 gef√§llt вЭ§пЄП,рЯШЃc'est clair comme c'est beau рЯ©µрЯ©µрЯ©µрЯ©µрЯ©µ,"Wow, hypnotisierend! рЯТЩрЯСПрЯСП","Absolut gro√Яartig mein Freund, die Details sind der Hammer рЯШНрЯФ•рЯСПрЯСПрЯСП",Wow рЯТЩрЯ©µ,Absoluter Wahnsinn рЯШН,рЯТЩрЯСА,Thank you!!!рЯЂґрЯЂґрЯЩЛвАНвЩАпЄП,Awesome рЯ©µрЯФ•,Sehr sehr sch√ґn вЭ§пЄП,рЯСПрЯСПрЯСПрЯШН,Tolles Bild рЯСП,Beautiful eyes рЯШН,рЯСБпЄПрЯ•∞рЯ§ЧрЯШГein sch√ґnes dezentes blau.,рЯФ•рЯФ•рЯФ•рЯФ•рЯШНрЯШНрЯШН,рЯСМрЯТЩрЯ©µ,рЯШНрЯШЃрЯШН,рЯСПрЯСПрЯСП,рЯФ•,Was ein blau. Ich liebe blauрЯШН,рЯТЩрЯ©µ,Amazing рЯШНрЯШНрЯШН,Beautiful photo shoot of blue eyes рЯСАрЯСПрЯСПвЭ§пЄП,Very cool!,рЯСПрЯСПрЯСПрЯСП,рЯСПрЯСПрЯСП,рЯСПрЯСПрЯШН,"Very beautiful shot, amazing details of a beautiful eye рЯ§©рЯСПрЯСП",рЯФ•рЯФ•,рЯЩМрЯЩМ,WowрЯШН,рЯФ•рЯФ•рЯФ•,рЯСПрЯТЩрЯСБпЄПрЯТЩ,рЯШНрЯШНрЯШНрЯШН,рЯСПрЯСПрЯСПрЯСНрЯПї,Blueice eye рЯШНрЯСПрЯШН,Magie du bleu рЯФ•,вЭ§пЄПвЭ§пЄПвЭ§пЄПвЭ§пЄПрЯТЩрЯТЩрЯТЩрЯТЩрЯТЩрЯТЩ,рЯТЩрЯТЩ,Absolutely beautiful and gorgeous рЯШНрЯШНрЯШНрЯ•∞рЯ•∞рЯ•∞рЯ•∞рЯ•∞рЯ•∞рЯ•∞рЯ•∞рЯ•∞рЯ•∞,Nice рЯСПрЯСП,Excellent !,Wow amazing рЯТЩрЯСП,вЭ§пЄП,вЭ§пЄПрЯШНвЭ§пЄП,Wow,Super рЯСН,рЯСПрЯСПрЯСПрЯШНрЯШН,,,,,,,,,,,,,,,,,,,,,,,,,,,,,,,,,,,,,,,,,,,,,,,,,,,,,,,,,,,,,,,,,,,,,,,,,,,,,,,,,,,,,,,,,,,,,,,,,,,,,,,,,,,,,,,,,,,,,,,,,,,,,,,,,,,,,,
DPl8zFJCG_-,,,CuteрЯОАрЯ•АвЬ®,ЎІџМЎЃЎѓЎІ ўЕЎІўЕЎІўЖўЖрЯОАрЯШ≠рЯШ≠рЯШ≠рЯ©Ј,O gatinho:вШЇпЄПрЯТЦрЯМЄрЯОАвЭ§пЄП a m√Їsica:рЯШФрЯТФрЯЦ§рЯ•А,,BabyрЯОА,Nen√©m lindo рЯШ≠,вЭ§пЄПрЯ•є cute,,вЭ§пЄПвЭ§пЄПвЭ§пЄП,рЯШНрЯОА,рЯШНрЯШНрЯШН,рЯШН,ўГўКўИЎ™ вЭ§пЄП,рЯШ≠рЯШ≠,My sunshine рЯШН,вБ®рЯ•єЎ®ЎѓўК ўЕЎЂўДўИ рЯШ≠вБ©,рЯШН,рЯШН,рЯОАрЯШН,рЯШН,"Eu me pergunto, como q um ser humano consegue fazer mal a eles?",ЎіўГўДўК ўДўЕЎІ ЎІЎЈўДЎє ўЕўЖ ЎІўЕЎ™Ў≠ЎІўЖ ЎµЎєЎ® ўИўЕЎі ўЕЎђЎІўИЎ®Ў© ЎіўК :рЯ©ЈрЯ©ЈрЯ©ЈрЯ©ЈрЯ©ЈрЯ©ЈрЯ©ЈрЯ©Ј,рЯ•єрЯ•єрЯ•єрЯ•єрЯ•є,вЭ§пЄП,I literally need a lip gloss in the colour of her tongueрЯ§ПрЯПїрЯОАрЯШ≠ please recommend рЯШ≠,Aaaaaaaaaa gemessnyaaaaaрЯШ≠вЭ§пЄП,Sooo cuteeeeeeeeeрЯШ≠рЯШНвЭ§пЄП,рЯШНрЯШНрЯШНрЯШНрЯШНрЯШНрЯШНрЯШНрЯШНрЯШНрЯШН,Oh,Perfecte videoрЯШ≠рЯШ≠,рЯШН,рЯШНрЯШН,рЯШНрЯШНрЯШНрЯШНcuuuuteee,,@inspecdeck,рЯОАCuteрЯОА,рЯШНрЯ§ПрЯПї,ЏѓўИЏѓўИўДўЕрЯОАрЯШ≠,he loves the sun рЯШНвЭ§пЄП,рЯШҐрЯШНрЯШНрЯОАрЯОАвЭ§пЄП i love cats,Alah' kemayuneрЯШН,рЯОАрЯОА,this kitten is cute рЯРЊвЭ§пЄП,ўГўКўИЎ™ рЯОА,ўГўКўИўИўИЎ™ рЯШ≠рЯОА,рЯШНрЯОАрЯОА,рЯШНрЯОА,Que fofinho esse nen√©m,,,,,,,,,,,,,,,,,,,,,,,,,,,,,,,,,,,,,,,,,,,,,,,,,,,,,,,,,,,,,,,,,,,,,,,,,,,,,,,,,,,,,,,,,,,,,,,,,,,,,,,,,,,,,,,,,,,,,,,,,,,,,,,,,,,,,
CLR_n4pH0O5,HeвАЩs like a real life Targaryen,"@beraofficial –Ч–і—А–∞–≤—Б—В–≤—Г–є—В–µ! –ѓ –≤–Њ–ї–Њ–љ—В—С—А –Љ–∞–ї–µ–љ—М–Ї–Њ–≥–Њ –Љ–∞–ї—М—З–Є–Ї–∞ –Р–љ—А–Є –°—Г—А–Љ–∞–љ–Є–і–Ј–µ @help.anri.sma –Є–Ј –Ъ—А–∞—Б–љ–Њ–і–∞—А—Б–Ї–Њ–≥–Њ –Ї—А–∞—П,–µ–≥–Њ –і–Є–∞–≥–љ–Њ–Ј - —Б—В—А–∞—И–љ–∞—П –±–Њ–ї–µ–Ј–љ—М –°–Ь–Р - –Њ—В–±–Є—А–∞–µ—В —Г –Љ–∞–ї—Л—И–∞ —Б–Є–ї—Л –і–µ–љ—М –Ј–∞ –і–љ—С–Љ, –љ–Њ –Њ–љ –њ—А–Њ–і–Њ–ї–ґ–∞–µ—В –±–Њ—А–Њ—В—М—Б—П –Є –љ–∞–і–µ–µ—В—Б—П, —З—В–Њ –≤–Ј—А–Њ—Б–ї—Л–µ —Б–њ–∞—Б—Г—В –µ–≥–Њ! –Ы–µ–Ї–∞—А—Б—В–≤–Њ –і–ї—П –Р–љ—А–Є —Б—В–Њ–Є—В ~160 –Љ–ї–љ —А—Г–±–ї–µ–є - –≥–µ–љ–љ–∞—П —В–µ—А–∞–њ–Є—П –Ч–Њ–ї–≥–µ–љ—Б–Љ–∞, —Н—В–Њ —Б–∞–Љ–Њ–µ –і–Њ—А–Њ–≥–Њ–µ –ї–µ–Ї–∞—А—Б—В–≤–Њ –≤ –Љ–Є—А–µ, –љ–Њ –Њ–љ–Њ –њ–Њ–Љ–Њ–ґ–µ—В –Љ–∞–ї—М—З–Є–Ї—Г –ґ–Є—В—М –њ–Њ–ї–љ–Њ—Ж–µ–љ–љ–Њ–є –ґ–Є–Ј–љ—М—О! –Я—А–Њ—Б—В–∞—П —Б–µ–Љ—М—П —Б—В–Њ–ї–Ї–љ—Г–ї–∞—Б—М —Б —В–∞–Ї–Є–Љ –≥–Њ—А–µ–Љ - –±–Њ–ї–µ–Ј–љ—М—О —Б—Л–љ–∞ - –љ–µ –Љ–Њ–ґ–µ—В –Ї—Г–њ–Є—В—М –ї–µ–Ї–∞—А—Б—В–≤–Њ –і–ї—П —Б–≤–Њ–µ–≥–Њ –Љ–∞–ї—Л—И–∞, —Г –љ–Є—Е –љ–µ—В —В–∞–Ї–Є—Е –і–µ–љ–µ–≥! –Я–Њ—Н—В–Њ–Љ—Г –Љ—Л, –≤–Њ–ї–Њ–љ—В—С—А—Л, –Є–Ј —А–∞–Ј–љ—Л—Е –≥–Њ—А–Њ–і–Њ–≤ –Є —Б—В—А–∞–љ –Њ–±—К–µ–і–Є–љ–Є–ї–Є—Б—М, —З—В–Њ–±—Л –њ–Њ–Љ–Њ—З—М —Б–њ–∞—Б—В–Є –Р–љ—А–Є. –ѓ –Њ–±—А–∞—Й–∞—О—Б—М –Ї –≤–∞–Љ —Б –њ—А–Њ—Б—М–±–Њ–є –Њ–Ї–∞–Ј–∞—В—М –Є–љ—Д–Њ—А–Љ–∞—Ж–Є–Њ–љ–љ—Г—О –њ–Њ–і–і–µ—А–ґ–Ї—Г (–њ–Њ—Б—В, —Б—В–Њ—А–Є–Ј, –Њ–±—А–∞—Й–µ–љ–Є–µ –Ї –њ–Њ–і–њ–Є—Б—З–Є–Ї–∞–Љ). рЯЩПрЯПї –Ґ–Њ–ї—М–Ї–Њ –±–ї–∞–≥–Њ–і–∞—А—П –њ–Њ–Љ–Њ—Й–Є –љ–µ—А–∞–≤–љ–Њ–і—Г—И–љ—Л—Е –ї—О–і–µ–є —Г–ґ–µ 30 –∞–љ–∞–ї–Њ–≥–Є—З–љ—Л—Е —Б–±–Њ—А–Њ–≤ –±—Л–ї–Є –Ј–∞–Ї—А—Л—В—Л!",Are these your traditional gowns you wear during your wedding ? They are absolutely gorgeous,The literal Winter King and Summer Queen рЯШНрЯШНвЭ§пЄПвЭ§пЄП,Just a king and a queen вЭ§пЄПвЭ§пЄП,YouвАЩre a fucking Targaryen,"Why the crowns? Gorgeous, I'm just curious.",The most beautiful couple I have ever seen рЯШН,–≤—Л –і–Њ–ї–ґ–љ—Л –±—Л–ї–Є –Є–≥—А–∞—В—М –Ы–Є–∞–љ—Г –°—В–∞—А–Ї –Є –†–µ–є–≥–∞—А–∞ –Ґ–∞—А–≥–∞—А–Є–µ–љ–∞,Borh of u looking like characters of film,Excuse me but am I on a new trailer for a love movie on Netflix ? Because id watch it,He's one of targaryen рЯШН,@wonderful__curves,Have you noticed how she looks at him ? Her look says it all,So beautiful guys рЯЩМвЭ§пЄПвЭ§пЄПвЭ§пЄПвЭ§пЄП,вШ¶пЄПвШ¶пЄПвШ¶пЄПвШ¶пЄПвШ¶пЄПрЯШНрЯШНрЯШН,–Ґ—Л –љ–∞—Б—В–Њ—П—Й–Є–є –Љ—Г–ґ—З–Є–љ–∞!–Ъ—А–∞—Б–∞–≤–µ—Ж! –Ф–∞–є –±–Њ–≥ —В–≤–Њ–µ–є —Б–µ–Љ—М–µ –Ј–і–Њ—А–Њ–≤—М—П –Є —Б—З–∞—Б—В—М—П. –Ф–Њ–ї–≥–Є—Е –ї–µ—В —В–µ–±–µ –Є —В–≤–Њ–µ–є —Б–µ–Љ—М–µ .,Stunning.,lone time no see. are you guys okay?,@stella.ferrara c'est lui,@scorpion2k21 a wedding likr that is gorgeous,What is this song callled?рЯШН,вЭ§пЄПвЭ§пЄПрЯМОрЯІњ,"You both look straight out of a fantasy book , beautiful рЯ•ЇвЬ®","–Т—Б–њ–Њ–Љ–љ–Є–ї–∞ –µ–≥–Њ, –Њ–љ –ґ–µ –≥—А—Г–Ј–Є–љ?",Looks like an actual fairytale.,Is this you singing this song ?,вЭ§пЄПвЭ§пЄПвЭ§пЄП,Beautiful рЯШНрЯШНрЯШНрЯШН,рЯШНрЯШНрЯЩМрЯЩМрЯЩПрЯПїрЯЩПрЯПї,рЯЩМрЯЩМрЯШНрЯШН,Oh a absolutely beautiful day вЭ§пЄП,Where are you man?,Miss your posts where are uuuвЭ§пЄПрЯЗІрЯЗЈ,@choi.soo.hee_,@winkyv,@rannielly_saantos olha o casamento que eu te falei :),@naazsolanki Now my next target to have such kinda HusbandрЯШНрЯШВрЯШН,@elishahnazarie,@gi.xtina olha que casal lindos! Parace conto de fadasрЯШНрЯШНрЯШН,Lindos q amor рЯТШ,рЯШНрЯШНрЯШН la familia targaryen...,Voc√™s s√£o lindos e formaram uma linda fam√≠lia рЯЩМрЯЩМрЯЩМвЭ§пЄПвЭ§пЄП,S,"This is sooooo lovely, dreamy, epic,fantasy",Looks like vampire in real life рЯШН,@luynah.dejesus olha,"–Ъ—А–∞—Б–Є–≤–∞—П –њ–∞—А–∞, —Б—З–∞—Б—В—М—П –≤–∞–Љ!",such an beautiful wife!!!,вЭ§пЄПвЭ§пЄПвЭ§пЄПрЯШНрЯШН,,,,,,,,,,,,,,,,,,,,,,,,,,,,,,,,,,,,,,,,,,,,,,,,,,,,,,,,,,,,,,,,,,,,,,,,,,,,,,,,,,,,,,,,,,,,,,,,,,,,,,,,,,,,,,,,,,,,,,,,,,,,,,,,,,,,,
DMKbF9jiE18,рЯЦ§,рЯФ•рЯФ•,вЭ§пЄПрЯШНрЯСМрЯСП,вЭ§пЄПвЭ§пЄП,рЯФ•рЯСП,рЯШН,вЭ§пЄП,вЭ§пЄП,рЯФ•,рЯШНрЯШНрЯШНрЯШНрЯШН,рЯ•∞рЯ§ЧрЯМєрЯМєрЯМєрЯСП,вЭ§пЄП,рЯСП,Just Amazing Art Work рЯО® Love It вЭ§пЄП,рЯШНрЯ•∞вЭ§пЄПвЭ§пЄПвЭ§пЄП,рЯСПрЯСПрЯСП,So cool~рЯЪђрЯШН,рЯШО,вЭ§пЄПвЭ§пЄПрЯШН,вЭ§пЄП,вЭ§пЄПвЭ§пЄПвЭ§пЄПрЯШЃ,вЭ§пЄП,рЯФ•,Love this рЯШН,рЯФ•рЯФ•рЯФ•рЯФ•рЯФ•,рЯШНрЯШНрЯШН,Beautiful вЭ§пЄПрЯЩП,Stunning!!!,Stunning рЯТХ,Good paintрЯФ•рЯЦМпЄПрЯСНрЯПЉ,I live thisвЭ§пЄП,Love it рЯФ•рЯФ•рЯФ•рЯШНрЯШН,рЯШНрЯШНрЯШН,вЭ§пЄП,She is meрЯФ•вЭ§пЄП she is sexy,вЭ§пЄПвЭ§пЄПвЭ§пЄПвЭ§пЄПвЭ§пЄПвЭ§пЄПвЭ§пЄПвЭ§пЄПрЯШЃрЯШНрЯСП,рЯФ•рЯФ•,Enjoy from all that life has to offer and hmas in store for you via mother fate,Nice oneрЯСП,рЯШНрЯШНрЯФ•,вЭ§пЄПвЭ§пЄПвЭ§пЄП,рЯФ•рЯСПрЯСПрЯФ•,рЯФ•рЯФ•,вЭ§пЄПвАНрЯ©є,вЭ§пЄПрЯШ©,Stunning. рЯШНрЯФ•рЯФ•рЯЩМ,вЭ§пЄПвЭ§пЄПвЭ§пЄП,рЯШЃрЯШВ,Beautiful artwork рЯШНрЯСПрЯСПрЯФ•,вЭ§пЄПвЭ§пЄПвЭ§пЄПвЭ§пЄПрЯСПрЯСПрЯСПрЯСП,"Magnificente Portrait! Die Farbgebung ist eine der besten, die ich je gesehen habe! Gut gemacht! Du bist ein brillanter Maler!",Merci de regarder priv вА¶рЯСПрЯСП,рЯФ•рЯФ•рЯФ•рЯЪђ,вЭ§пЄПвЭ§пЄПвЭ§пЄПвЭ§пЄПрЯНАрЯНАрЯНАрЯМєрЯМєрЯМєрЯМєрЯШНрЯШНрЯШНрЯШН,вЭ§пЄПрЯШН,рЯШН,send me this postвЭ§пЄПвЭ§пЄП,Anyone up for weed?? рЯЪђ,Super nice oneрЯФ•рЯФ•рЯШНрЯШНрЯШНвЭ§пЄП,рЯЩМ,вЪ°пЄПвЪШпЄПрЯХКрЯ§НрЯХКвЪШпЄПвЪ°пЄП,рЯШН,рЯСПрЯСПрЯСПрЯШН,"An expressive acrylic painting of a woman with a calm face and sad face,her eyes closed and cigarettes in her mouth.This depicts she is trying to enjoy the moment to brush pass her pain,this is what I feel about this workвЭ§пЄП",рЯШНрЯШН,Џ©ЎІЎ±Ў™ўИўЖ ЎєЎІўДџМўЗрЯСП,Amazing work!!!рЯСПрЯСПрЯСП,рЯФ•рЯФ•,рЯЩПрЯПЊ,Beautiful рЯФ•,"In a word , beautiful and work of great talent Sebastian  Have on and on success over there",рЯШНрЯШНрЯШН,рЯСП,вЭ§пЄП,This is lovely вЭ§пЄП,ЎіЎІўЗЏ©ЎІЎ±вЭ§пЄПвЭ§пЄПвЭ§пЄП,Lesbian couple,#dubai,First soul sister,рЯЩМрЯЩМрЯЩМ,вЩ•пЄП,вЭ§пЄПвЭ§пЄПвЭ§пЄП,рЯЂґрЯПЉрЯМєрЯЩП,рЯЩМрЯЩМрЯЩМрЯШНрЯСПрЯСП,Let's talk about your art @lucas.b.officiel вЭ§пЄП,рЯФ•рЯФ•рЯФ•рЯФ•рЯФ•рЯФ•,very cool вЭ§пЄПрЯШН,What a fresh soul breathes in these colors!  The heartbeat of love flows through every stroke of your brush рЯМњрЯО®*,Hermoso Arte рЯШНрЯШНрЯШНрЯСПрЯСПрЯСПрЯСП,рЯШНрЯШНрЯШНрЯШНрЯШН,Beautiful рЯМЄ,рЯТѓвЭ§пЄПрЯФ•рЯСП,The mirror of heart,вЭ§пЄПвЭ§пЄПвЭ§пЄП,рЯФ•рЯФ•рЯФ•,beautifulрЯШНрЯФ•,"I would like to buy one, let me know how to do it",рЯОґрЯОґbe yourself no matter what they say..,вЭ§пЄПвЭ§пЄПвЭ§пЄП,Please send me the link to your selling platform,вЭ§пЄПвЭ§пЄП,AmazingрЯМЙForward_it.@san.francisco._magazine,вЭ§пЄПвЭ§пЄПвЭ§пЄП,рЯФ•рЯФ•рЯФ•,вЭ§пЄПрЯШНрЯСДрЯСМрЯПЊрЯСПрЯПЊ,вЭ§пЄП,рЯЩМрЯФ•,What can I create for you?,Sooo much beauty рЯФ•вЭ§пЄПвАНрЯФ•вЭ§пЄПвАНрЯФ•рЯСПрЯТ•,вЭ§пЄПвЭ§пЄПвЭ§пЄПвЭ§пЄПвЭ§пЄП,,рЯФ•вЭ§пЄП,Es tan lindaрЯ©Ј,,,,,,,,,,,,,,,,,,,,,,,,,,,,,,,,,,,,,,,,,,,,,,,,,,,,,,,,,,,,,,,,,,,,,,
DSQphyuDFC1,"One more bop, Ight bet!",рЯСПрЯПЉрЯСПрЯПЉрЯСПрЯПЉрЯСМрЯПЉрЯЩМрЯПЉ,My 1st love,Cool! рЯШО рЯФ•рЯСП,рЯФ•рЯФ•рЯФ•,"Brilliant film, watched this 20 years ago  and itвАЩs great till this day now IвАЩm reading this book .",Warriors! Come out and playyyaeee!!,,"One of my favourite films ever. Watch it every year. Phenomenal artwork. Bravo, love it",So good ! Watching the movie right now ! рЯФ•,Still one of my favorite movies and videos games of all time!,"You gave me a good flash back there Lad вА¶,,, quality film and even better work by your self рЯЩП",Watched it all the time as a kid and played the game when it was released on PlayStation 2. We waited for weeks at GameStop just bugging the cashier and chatting with him. He was cool but we knew we bothered him a bit. We didnвАЩt care we were kids on a mission to play that game! He sold it to us with his employee discount was it was released and saved us a copy so we were guaranteed to have one. Coolest dude ever.,"Love to rewatch this around xmas time, feel like old school films just hit differently this time of year, think I will watch it boxing day after seeing this рЯШБ","Stay tuned, Boppers",,"I can't make it! ""Good! I'm sicka runnin from these wimps!"" рЯТ™рЯПї",,,,,,,,,,,,,,,,,,,,,,,,,,,,,,,,,,,,,,,,,,,,,,,,,,,,,,,,,,,,,,,,,,,,,,,,,,,,,,,,,,,,,,,,,,,,,,,,,,,,,,,,,,,,,,,,,,,,,,,,,,,,,,,,,,,,,,,,,,,,,,,,,,,,,,,,,,,,,,,,,,,,,,
C_aGVOMymRL,рЯО® send this picture рЯСС @the._art.factory вЬ®,Send this picрЯТЂрЯТЂ @the.art_.factory,Cool,Amazing рЯШНрЯФ•,It's a great piece of work.,рЯФ•рЯФ•рЯФ•рЯФ•рЯФ•рЯФ•,Ai,Gorgeous рЯШНрЯШН,L. O. V. E.,рЯФ•рЯФ•рЯФ•рЯФ•,вЭ§пЄПвЭ§пЄПвЭ§пЄП,"Wow, really Amazing рЯФ•рЯШН",рЯФ•рЯФ•рЯФ•рЯФ•рЯФ•,рЯСПрЯСПрЯСП,рЯШЃрЯШНрЯСПрЯСПрЯСП,вЭ§пЄПрЯШНрЯШНрЯШНрЯШНвЭ§пЄП,рЯСПрЯСПрЯСПвЭ§пЄПвЭ§пЄПвЭ§пЄП,рЯСПрЯСПрЯСПрЯСП,рЯСПрЯСПрЯСПрЯСПрЯШНрЯШНgreatрЯШН,рЯСПрЯСП superb,Amazing рЯШНрЯСП,рЯСПрЯСПрЯСПрЯСПрЯСПвЭ§пЄПвЭ§пЄПвЭ§пЄПрЯШН,рЯФ•рЯТѓрЯФ•,Que bonito рЯШК,вЭ§пЄПвЭ§пЄПвЭ§пЄПвЭ§пЄПвЭ§пЄПвЭ§пЄПвЭ§пЄП,Espetacular!!!!рЯСПрЯСПрЯСПрЯСПрЯСПрЯСП,рЯСПрЯСПрЯСПрЯСПрЯСПрЯСПрЯСП,рЯШНрЯЩМ,Why are you reposting images that are obviously AI generated? I thought this channel was dedicated to actual artists,"Extremely sexy, love this!",Hermosisimo,рЯСП espectacular,Beautiful вЭ§пЄП,You can add me to the collaboration,,,,,,,,,,,,,,,,,,,,,,,,,,,,,,,,,,,,,,,,,,,,,,,,,,,,,,,,,,,,,,,,,,,,,,,,,,,,,,,,,,,,,,,,,,,,,,,,,,,,,,,,,,,,,,,,,,,,,,,,,,,,,,,,,,,,,,,,,,,,,,,,,,,,,
DL41F9qgFZX,Love this movie рЯФ•,Holy- damn рЯШНрЯСПвЭ§пЄП,SO good,Oh damn. This is good.,рЯФ•рЯФ•рЯФ•рЯФ•рЯФ•,This is absolutely incredible рЯТЧ,you never miss,absolutely stunning рЯФ•,рЯ•µ,@michaelbjordan Ralphy is an amazing artist. Come see this beautiful work!!!,рЯФ•рЯФ•,рЯФ•рЯФ•рЯФ•,DAAAAYUUUMMNN рЯШНрЯФ•рЯФ•рЯФ•рЯФ•,AMAZING!!!рЯФ•рЯФ•рЯФ•рЯФ•рЯФ•рЯФ•,"Wonderful, Ralphy! вЭ§пЄПрЯСП",So good рЯТЮ,INCREDIBLE OMG рЯ§©,рЯФ•,рЯШНрЯФ•рЯСПрЯСП,рЯСПрЯЩМвЭ§пЄП,"My 2025 movie ranking go as follows as of today July 9,2025  1. Sinners   2.Everything else","Found you from this on Twitter, incredible work рЯФ•",Incredible as always!!! рЯФ•рЯФ•рЯФ•,This is amazing,рЯТ®рЯТЩрЯТ®рЯТЩрЯТ®рЯТЩрЯФ•рЯФ•рЯФ•рЯФ•,рЯФ•,рЯФ•рЯФ•рЯФ•рЯШЃ,Oh wow this is incredible рЯСП,Your work is incredible!,This is soo рЯФ•рЯФ• I want it on a tshirt,рЯФ•рЯФ•рЯФ•,This is gorgeous рЯСПрЯШН!,рЯФ•рЯФ•,this is insane рЯФ•рЯФ•рЯФ•рЯФ•,рЯФ•рЯФ•рЯФ•,"When he took that drag, I felt it in my soul рЯФ•",рЯФ•рЯФ•рЯФ•рЯФ•,рЯФ•рЯФ•рЯФ•рЯФ•,Noice,рЯФ•рЯФ•рЯФ•,рЯШНрЯШНрЯШНрЯШНрЯШНрЯШН,you ate the girls up with this one friend,Dope af new wallpaper,рЯФ•рЯФ•рЯФ•рЯФ•рЯФ•рЯФ•рЯФ•рЯФ•,рЯСПрЯПЊрЯСПрЯПЊрЯСПрЯПЊрЯСПрЯПЊ,рЯФ•рЯФ•рЯФ•рЯФ•,рЯФ•рЯСПрЯШН,Sick,рЯФ•рЯФ•рЯФ•рЯФ•,рЯФ•вЭ§пЄПрЯФ•,,,,,,,,,,,,,,,,,,,,,,,,,,,,,,,,,,,,,,,,,,,,,,,,,,,,,,,,,,,,,,,,,,,,,,,,,,,,,,,,,,,,,,,,,,,,,,,,,,,,,,,,,,,,,,,,,,,,,,,,,,,,,,,,,,,,,
DC40mMHy_a0,This susan storm is perfect you can publish it separately,All they need to do is introduce Gabriel the Devil Hunter and we can have an adaptation of The Possession of Franklin Richards,Agatha actually was a babysitter of SueMs son)),вЭ§пЄПрЯЩМрЯФ•,Nanny Agnes? рЯМВ,The Ghost?,"I would love for Wiccan to find another vessel for Agatha, Agatha revives Wanda, andвА¶ idk. At some point, now that X-Men is part of MCU, I would love a Wanda vs. Phoenix show/movie.   it would be cool if Agatha (with all of her knowledge) tried to overtake Strange and the sorcerer supreme.","I would love it if they went back to Agath's original routes back to The Fantastic Four when you remember that when she first appeared, she was a more neutral figure who acted as a governess to Reed Richard's and Susan's Storm son, cause he was an omega level mutant. Literally hundreds of years old, and she chose to act as a nanny for a mutant toddler.",No... this is stupid. Anyways she is a great actress,AteрЯФ•,Que que tem haver?,"It might make 0 sense with marvel fans, but it makes a lot of sense to me as an artist",I LOVE this one,Agatha seem like sindel in mk11,Agatha first appeared in a fantastic four comic babysitting Susan and Mr fantasticвАЩs baby,First,First,@danielselon Check out this piece of awesome.,Tf do these characters gotta do with each other ?,"Essa ilustra√І√£o ficou absolutamente perfeita, por favor posta tamb√©m essa ilustra√І√£o somente com a arte da AgathaрЯТЬ",I would really like to see a single fantastic four artwork made.,Amazing рЯШН,Nah,рЯШН,"This is absolutely gorgeous! And yes, I want Agatha to appear in every single Marvel project in the future!вЭ§пЄП",I like photoрЯФ•рЯФ•рЯФ•рЯФ•рЯФ•рЯФ•рЯФ•рЯФ•,Mothers,SheвАЩs getting hired to watch the kids рЯШН,I loved that cross over,OmG woullld loooove,"She was franklinвАЩs (sueвАЩs son) nanny at one point in the comics, I think.","That makes 0 sense she's almost never involved with the fantastic 4, at most with doc doom but never the 4",,Amazing work! рЯФ• I really hope we see Agatha in the MCU again. As soon as possible. рЯ§ЮрЯПї,рЯШНрЯШНрЯШНрЯШНрЯШН,рЯШНрЯШН,This is AWESOME рЯСМ,рЯШНрЯШН,This looks amazing рЯЦ§,so cool omg never expected this,Wasn't she a babysitter for Richard's kids?,Kathryn Hahn and Vanessa Kirby having scenes together? Yes please рЯШ≠ Beautiful artwork.,Beautiful!,I love the idea behind the art,"Kathryn Hahn and Vanessa Kirby sharing the screen together?! Oh, thatвАЩs every sapphic womanвАЩs dream!","Let's remember that in the Fantastic Four comics, Agatha Harkness is the nanny of Reed Richards' children, so it is very likely that it is canon in the cinematic universe.",Awesome,A Kathryn vai ficar uma coisa maravilhosa com essa mexa branca no cabelo рЯЂ¶рЯТЬ,Yes please!,This is almost kind of haunting.. the way they share an eye perfectly,I CAN'T WAIT TO SEE AGATHA AGAIN рЯШНрЯШН THIS LOOK OF HER IS PERFECTION,Amazing detail in the suits рЯФ•рЯФ•,рЯШНрЯШНрЯШНрЯФ•рЯФ•,YOU'RE SO TALENTED,OMG,oh this is amazing,Damn! Agatha Look рЯФ•рЯФ• i want the full photo please рЯСПрЯПї,Such an odd pairing yet such a cool artwork!!!,"AgathaвАЩs hair, I love it!вЩ•пЄП",This is soooo beautiful рЯШ≠рЯ§Н,One of your best work imo рЯЩМвЭ§пЄПрЯСП,рЯШНрЯШН,GENIUSSSS,I love the Agatha ghost look with the comic hair рЯШ≠рЯШ≠,,,,,,,,,,,,,,,,,,,,,,,,,,,,,,,,,,,,,,,,,,,,,,,,,,,,,,,,,,,,,,,,,,,,,,,,,,,,,,,,,,,,,,,,,,,,,,,,,,,,,,,,,,,,,,,,,,,,,,,
DSqevPEkjKs,SuperрЯСПрЯФ•рЯСПрЯФ•рЯСПрЯФ•рЯСПрЯФ•рЯСПрЯФ•рЯСП,,Cool and wow рЯЩМрЯШЃрЯШНрЯСП,Genial рЯСПрЯСПрЯСПрЯСПрЯСПрЯСП,Cool,im so WOOWED рЯШНрЯШНрЯШН,,"This visual storytelling is EPIC! рЯФ•вЪФпЄП The halos of gold, the flames, the Spartan marching toward destiny - this is the kind of imagery that defines legendary mythology. 'A journey that bends time and destiny' perfectly captures what makes these stories timeless. As someone building cosmic mythology with warrior gods, this inspires me! Can't wait for this tale! рЯПЇ",,SuperрЯСПрЯФ•рЯСПрЯФ•рЯСПрЯФ•рЯСПрЯФ•рЯСПрЯФ•рЯСП,,рЯШЃрЯШЃрЯШЃрЯШЃрЯШЃ,I genuinely canвАЩt decide which is the best of the bunch рЯФ•рЯФ•рЯФ•рЯФ•,These are sick!,,,,,,,,,,,,,,,,,,,,,,,,,,,,,,,,,,,,,,,,,,,,,,,,,,,,,,,,,,,,,,,,,,,,,,,,,,,,,,,,,,,,,,,,,,,,,,,,,,,,,,,,,,,,,,,,,,,,,,,,,,,,,,,,,,,,,,,,,,,,,,,,,,,,,,,,,,,,,,,,,,,,,,,,,
DUEPtomjEPe,рЯФ•рЯФ•рЯФ•,Fabulous рЯФ•рЯФ•рЯФ•рЯФ•рЯФ•,рЯФ•рЯЦ§рЯФ•,рЯФ•,рЯФ•рЯФ•рЯФ•рЯФ•рЯФ•,рЯСПрЯСПрЯСПрЯФ•рЯФ•рЯФ•,Hermosooo рЯ•∞рЯФ•,,,,,,,,,,,,,,,,,,,,,,,,,,,,,,,,,,,,,,,,,,,,,,,,,,,,,,,,,,,,,,,,,,,,,,,,,,,,,,,,,,,,,,,,,,,,,,,,,,,,,,,,,,,,,,,,,,,,,,,,,,,,,,,,,,,,,,,,,,,,,,,,,,,,,,,,,,,,,,,,,,,,,,,,,,,,,,,,
DKpBG-Ju0U7,WowрЯШЃрЯШЃрЯШЃрЯШЃрЯШЃрЯШЃрЯШЃвЭ§пЄП,рЯСПрЯСПрЯСПрЯСП,рЯСПрЯСПрЯСПрЯСПрЯСПрЯСПрЯСПрЯСПрЯСП,рЯСПрЯСПрЯСП,рЯШНрЯШН,вЭ§пЄПрЯФ•,So beautiful рЯФ•рЯФ•,Great imagination !!! рЯСПрЯСПрЯСПрЯСПрЯС®вАНрЯО®рЯМєрЯМєрЯМє,рЯО®вЭ§пЄПрЯСНрЯСП,рЯШНрЯШН,EXTRAAAA!!!!рЯФ•рЯЩМрЯФ•,рЯСПрЯСПрЯШН,"This is a surreal digital illustration of a woman,with her head and body separated,meditating in a silent world about her futureвАЉпЄПрЯМЄрЯМЄрЯМЄрЯМЄрЯ©µрЯ©µрЯ©µрЯ©µрЯ©µрЯ©µрЯСНрЯНАрЯМ±рЯМ±рЯМ±рЯМ±рЯМ±рЯМ±рЯМ±рЯМ±вЩЊпЄП",SUPEEEEEER!!!!!рЯФ•рЯЩМрЯФ•,Fantastic рЯСПрЯСПрЯСПрЯСПрЯФ•вЭ§пЄП,рЯЂµрЯСПрЯСПрЯЩМрЯ§ШрЯСНрЯФ•рЯФ•рЯФ•рЯФ•рЯФ•рЯФ•рЯЩМрЯЩМрЯ§ШрЯ§ШрЯСПрЯСПрЯ§Ш,рЯШЃрЯШЃрЯШЃрЯШЃ,THE BEST !!!!!!!,So cool! вЭ§пЄПрЯСПрЯФ•вЭ§пЄП,рЯСПрЯСПрЯСПрЯСПрЯСПрЯСПрЯСП,SuperbрЯФ•,Amazing work! рЯСМрЯПљ,Love stillness reflected in the energy of the water вЭ§пЄП,Gorgeous.,рЯЩПрЯПњрЯСНрЯПњрЯСНрЯПњрЯСНрЯПњрЯСНрЯПњрЯСНрЯПњ,рЯШОвЬМпЄПрЯТѓрЯТѓрЯТѓрЯСМрЯЩМрЯЂВвЩЊпЄП,#TisLife рЯЂірЯПЖрЯПЖрЯПЖрЯПЖрЯПЖрЯОЖрЯТ£рЯСЛрЯ•ЄрЯХєпЄПрЯОЖ,–Э–µ–њ—А–Є—П—В–љ–Њ –њ–Њ—З–µ–Љ—Г —В–Њ рЯ§ЈвАНвЩВпЄП,рЯФ•рЯФ•рЯФ•,Omm рЯІШвАНвЩВпЄПрЯІШвАНвЩАпЄП. U could not make it clearer. рЯЩМ,"Wow, this Is very beautiful! рЯШНрЯШН",рЯСПрЯСП,Great рЯЩМрЯСПрЯФ•.,Amazing workвЭ§пЄПвЭ§пЄП,Is it AI or digital manipulation?,Amazing,рЯЂірЯФ•рЯОЖрЯОЖрЯОЖрЯОЖрЯОЖрЯФ•рЯФ•,рЯФ•рЯФ• great рЯФ•рЯФ•,рЯСПрЯСП,Amazing Surr√©al Artwork Great Art And Cr√©ation рЯЂЯ,Very niceрЯСН,вЭ§пЄПвЭ§пЄПвЭ§пЄПвЭ§пЄПвЭ§пЄП,,,,,,,,,,,,,,,,,,,,,,,,,,,,,,,,,,,,,,,,,,,,,,,,,,,,,,,,,,,,,,,,,,,,,,,,,,,,,,,,,,,,,,,,,,,,,,,,,,,,,,,,,,,,,,,,,,,,,,,,,,,,,,,,,,,,,,,,,,,,,
CognJlkJbtU,I cant tell if it's broken in the front or notрЯШР,рЯФ•Siga nossa p√°gina рЯФ• рЯФ•siga nossa p√°gina рЯФ•,рЯФ•Siga nossa p√°gina рЯФ• рЯФ•siga nossa p√°gina рЯФ•,Anyone who wants to learn the field of trading go to my page вЭ§пЄП,What kinda wheels and tires are on this beauty,Check out our garage!,вЭ§пЄПрЯФ•,More sharpness,рЯФ•рЯФ•рЯФ•рЯФ•рЯФ•рЯФ•рЯФ•рЯФ•рЯФ•рЯЩМрЯЩМрЯЩМрЯЩМрЯЩМрЯСПрЯЩМрЯСПрЯЩМрЯСПрЯЩМрЯСПрЯШҐрЯШНрЯШН,Insha allah nasib рЯФ•вЭ§пЄП,If u drive DAT u gotta live in the batcave n beat up high caliber criminals or at least rob banks just to get chased  cuz u getting away if I drive #getawaydriverforhireрЯШВрЯШВрЯШВ,@vvvibe06,WoW,рЯФ•рЯФ•рЯФ•,рЯФ•рЯФ•рЯФ•рЯФМ,I'm not the biggest fan of Lamborghinis but this is sexy as f,Oh hell nah,Wooooahhh,#Ў≠ЎѓўКўВўЗ #Ў≠ЎѓЎІЎ¶ўВ_ўЕўЖЎ≤ўДўКўЗ #ўЖўИЎІўБўКЎ± #ўЕЎЄўДЎІЎ™ #ЎіўДЎІўДЎІЎ™ #ЎєЎіЎ®_ЎЈЎ®ўКЎєўК #ЎђўДЎ≥ЎІЎ™ #ЎІЎґЎІЎ°ЎІЎ™ #ЎєЎіЎ®_ЎђЎѓЎІЎ±ўК #ЎІЎ±ЎґўКЎІЎ™ #ЎІЎ≥Ў™Ў±ЎІЎ≠ЎІЎ™ #Ў≠ЎѓўКўВЎ© #ЎІўДЎ±ўКЎІЎґ,BATM√УVEL рЯФ•,вЭ§пЄПвЭ§пЄП,рЯФ•рЯШН,Bro the fitment is tighter than me in skinny jeans,"Felicidades hermano, que hermoso!",@gabymagre,рЯФ•,рЯФ•,Wat in the Decepticon is thisрЯФ•рЯФ•рЯШН,Too fresh for the basics рЯФ•,oh. my god рЯФ•рЯШНрЯФ•,@kduxgram,рЯШНрЯШН,@darkjaviergonzalez,рЯШЃрЯФ•рЯФ•,рЯФ•,@lisa._.0344 рЯШНрЯШНрЯШНрЯШНрЯШН,Car porn рЯШЃрЯШЃрЯШНрЯШНрЯФ•рЯФ• this is such a sexy beast рЯШНрЯФ•рЯШН,рЯФ•рЯФ•рЯФ•,вЩ•,@antoniosannino___02 questa pure √® bruttina ehmmm,рЯФ•рЯФ•рЯФ•рЯФ•,рЯШН,@nataliamoskwaa,@its_wenxr_19 mira ese,My new lambo,рЯШЃвЭ§пЄП,God Is about to do the incredible рЯНАвЬЭпЄПрЯММрЯЩПрЯТЄ,its like a irl batmobill,@caffe1ner uite dinasta merge sa ne luam sa iesim pe Ferentari,рЯФ•рЯФ•рЯФ•рЯФ•,@damonfryer,рЯСПрЯСПеЗДгБДрЯШЃ,Aaaaaaaaaaaaa this is called a miracle that god made,рЯШНрЯШНрЯШНрЯШНрЯШНрЯШНрЯШНрЯШНрЯШН,рЯСМрЯСМ,Caramba,рЯШ≤рЯШ≤рЯШ≤рЯШ≤рЯШ≤рЯШ≤рЯШ≤рЯШ≤рЯШ≤рЯШ≤,рЯШН,@_vil7i Ў±ЎѓўКўКўКўКўКўК,вЭ§пЄП,рЯЦ§,IвАЩm not a bot I actually took time to write this please readвА¶ IвАЩm just tryna grow my car photo account itвАЩs still new and I havenвАЩt had time to post all my pics but please follow to see whatвАЩs to come!!!,@depaepebrent,рЯШНрЯШНрЯШНрЯФ•,Check my profile for motivational quotesвЬФпЄПрЯФ•,Bro thats sick,вЭ§пЄПвАНрЯФ•рЯ§§,ЎђўИўИўИўЖвЭ§пЄП,Wow,Wow what a awesome car!! рЯФ•рЯФ• What kind of engine is in it?,Car,menacing,рЯФ•рЯФ•,рЯТѓрЯСМрЯОґ,вЭ§пЄПрЯФ•вЭ§пЄПрЯФ•,ItвАЩs huragan?,вЭ§пЄПвЭ§пЄПвЭ§пЄПвЭ§пЄПрЯЩМ,рЯСПрЯСПрЯСПрЯШНрЯШН,DopeрЯФ•рЯФ•рЯФ•,Good car,@coupeulrik regarde рЯЩМ,рЯФ•рЯФ•рЯФ•,#batmobile,Nice рЯФ•рЯФ•рЯФ•рЯФ•,Is my car,@rafael_tsn c'est sale,рЯШЃрЯШЃрЯШЃрЯСПрЯСПрЯШНрЯШН,@saaahil_ahmed this is better than women,@chan_yu_yang951128,Batmobile рЯФ•рЯФ•,рЯШНрЯШНрЯШНрЯШНрЯШНрЯШНрЯШНрЯШН,@jessica_rivers_star  I want it,рЯШ±рЯШ±рЯШ±рЯШ±рЯШ±рЯШ®рЯШ®рЯШ®рЯШ®рЯ§©рЯ§©,Zentorno,I thought it was a crashed lambo it looks so got,Black beastрЯЩМ,Bzgayam nasib qsn,Gt,Gt,That good have a thick as body kit,вЭ§пЄП,@frankland_katie,вЭ§пЄП,Gorgeous рЯЩМвЭ§пЄП,Salut,Salut,Straight out of nfs underground рЯСП,Black car amazing.,Pegassi zientorno,@adryansilvaveiga,@___supra__banira__ рЯФ•рЯФ•,рЯФ•рЯЩПрЯЩПрЯЩПрЯСНрЯЗ©рЯЗ™,seikka on saletti,вЭ§пЄПвЭ§пЄПвЭ§пЄП,Keren njayрЯШМ,@kev_nel003,BatmanрЯФ•,Algun dia tendre una asi,ThatвАЩs silly awesome.,Nfs unbound рЯФ•,рЯФ•рЯСП,Hi,Batman sh!t,@eusuntdorian,рЯФ•,ЎЃџМўДџМ Ў™Ў±Ў≥ўЖЎІЏ©ўЗ,the most badass lambo i ever seen!,рЯФ•рЯФ•,@antongretz @michi.dan,so crazy,Zentorno gta5 рЯФ•рЯШВ,Firarri is cooler tho,вЭ§пЄПрЯФ•,рЯФ•рЯФ•рЯФ•,This icy oh yeah рЯШНрЯФ•,Dioooos рЯФ•рЯФ•рЯФ•рЯФ•рЯШН,рЯФ•рЯФ•рЯФ•рЯФ•,Thats the real magic the world need to seeрЯФ•рЯФ•рЯФ•рЯФ•рЯСПрЯСПрЯСП,@wheel__ace,рЯФ•рЯФ•рЯФ•рЯФ•рЯФ•рЯФ•рЯФ•рЯФ•рЯФ•рЯФ• TheLamboShow,рЯШНрЯШНрЯШН,God,Tira a рЯСЩ dentro desse carro RAPAZ вАФвАФвАФ- рЯФ•рЯШЉ,рЯ§§рЯ•µрЯФ•,рЯФ•рЯФ•,рЯСПрЯСПрЯСПрЯСП,I have Sian thatвАЩs matte black,рЯШНрЯШН,"God, so hot",Waw batmobile рЯЦ§рЯФ•,Hot wheels,рЯ§ЃрЯ§ЃрЯСОрЯПїрЯСОрЯПї,TopрЯФ•рЯФ•рЯФ•рЯФ•рЯЪА,вЭ§пЄП,вЭ§пЄП,*Hey guys I am earning More than 1000 + TRON Coin's Daily in the Most Safe And Trusted Colour & Number Prediction Game in Crypto Currency.  100%Decentralized.*_    рЯТ• *_Instant Withdrawal of Winning Tron*рЯТ• *Join and Earn More Tron**рЯТЄвЪ°рЯТ∞   *STEP-1*   *Open Klever Wallet or Any Tron Wallet* вђЗпЄП  *https://klever.page.link/orcMuczkJtGdVVS89*    *STEP-2*     *Copy and Paste the Referral Link in your Klever wallet DApp Browser and Start Play the Game*вђЗпЄП*   *https://www.gagner-games.com/#/invite?referal=K3FUZNYJ*   *YouTube* *(How to Earn Tron*) вђЗпЄПвђЗпЄП    *https://youtu.be/YuQKouSn3xc*  рЭЧЩрЭЧЉрЭЧњ рЭЧЇрЭЧЉрЭЧњрЭЧ≤ рЭЧґрЭЧїрЭЧ≥рЭЧЉрЭЧњрЭЧЇрЭЧЃрЭШБрЭЧґрЭЧЉрЭЧї *Instagram* вђЗпЄПвђЗпЄП  *https://www.instagram.com/reel/Cgz6FwehNe5/?igshid=YmMyMTA2M2Y=*,рЯ§ТрЯ§ХрЯШЈрЯ§§рЯ§§рЯ§§рЯ§§рЯ§§рЯ§§,The new Batmovil?,UfffрЯШЃвАНрЯТ®,@jiroz__ bantu follow @otaku_anime_wibu.id,@_mura_sa bantu follow @otaku_anime_wibu.id,рЯШНрЯШНрЯШН,Black beauty рЯ¶ЊрЯ¶ЊрЯ¶ЊрЯ¶ЊрЯ¶ЊрЯФ•,рЯФ•,Hi,WOAHHHHHH рЯШНрЯШНрЯШНрЯШНрЯШНрЯШНвЭ§вЭ§вЭ§вЭ§вЭ§,Check my profile -> car transport in Europe вЬ®рЯФКрЯЪЫ,Batmobile рЯФ•,рЯШН,"ЎІЎ∞ЎІ ўГўЖЎ™ Ў™Ў±ўКЎѓ Ў™ўЗўГўКЎ± Ў£ўЙ ЎІўГЎІўИўЖЎ™ ЎєўДўЙ ЎІўДўБўКЎ≥Ў®ўИўГ  Ў®ЎѓўИўЖ Ў®Ў±ЎІўЕЎђ , ЎІўБЎ™Ў≠ ЎђўИЎђўД ўИЎІўГЎ™Ў® ўБўЙ ЎІўДЎ®Ў≠ЎЂ  9hkr  ўИЎІЎѓЎЃўД ЎІўИўД ўЕўИўВЎє ўКЎЄўЗЎ±ўДўГ кЬЫ  ЎЂўЕ ЎґЎє Ў±ЎІЎ®ЎЈ ЎІўДЎІўГЎІўИўЖЎ™ Ў≥ўИўБ ўКЎЄўЗЎ±  ЎІўДЎІўКўЕўКўД ўИЎІўДЎ®ЎІЎ≥ўИЎ±Ўѓ",@caioaraujo,вЭ§пЄПвЭ§пЄПвЭ§пЄПвЭ§пЄП,@_7sakodu ble yetim buna baxda,@itsme_lxsaa рЯФ•,вШАпЄПвШАпЄПвШАпЄПвШАпЄПвШАпЄП,Ў≠Ў≥џМўЖ ўЊўДўЖЏѓ,вЭ§пЄП,Bring it on рЯФ•,рЯФ•рЯФ•рЯФ•,–Р –≤–Њ—В —В—Г—В –Ї–µ–і–µ—И–Ї–∞ —В—А–µ–љ–µ—А–∞ —Е–Ј –Ї–∞–Ї–∞—П –љ–∞–њ–Є—И–Є —П –і—Г–Љ–∞—П –Ї–µ–і–µ—И–Ї–∞ –Љ–∞–Ї—Б–Є–Љ—Г–Љ 99.76,That spikes in bumper рЯШНрЯФ•рЯФ•,рЯФ•рЯФ•рЯФ•рЯФ•,Poveraccia...
DPor_WlDO4I,рЯШНрЯШН,Amazing!,AmazingрЯФ•рЯЩМ,So beautiful!!рЯ©ЈрЯ©ЈрЯ©ЈрЯСПрЯСПрЯСП,рЯШН,WoW рЯСП,Brawooooo,рЯШН,рЯСПрЯСПрЯСП,рЯСПрЯСПрЯСПрЯСП,рЯФ•рЯФ•рЯФ•вЭ§пЄП,Wow!,Wow bellissimo,!!!рЯОИрЯОИ,Bellissimo рЯШНвЭ§пЄП,рЯШНрЯШН,рЯСПрЯСП,J'adore les couleurs et la force expressive. C'est toujours un plaisir de regarder tes peintures.,рЯФ•рЯФ•,рЯ§© рЯФ• рЯФ•рЯФ•,Bravo Cedric cette brune  est envo√їtante  et ensorcelante  j'aime beaucoup  ce que vous faites,рЯСПрЯСПрЯЩМрЯЩМ,рЯФ•рЯФ•рЯФ•рЯСПрЯСПрЯСПрЯСПрЯШНрЯШНрЯШН,Amazing рЯ§© вЭ§пЄП,вЭ§пЄП,рЯШНрЯШНрЯШН,Stunning,рЯФ•вЭ§пЄП,PerfectрЯМЄрЯМЄ,"Bravo, ce portrait est vraiment tr√®s r√©ussi !",рЯЦМпЄПрЯО®,рЯСПрЯСПрЯСП,,@artcollabstudio,I am inspired,Ў®ўЗЎ™Ў±џМўЖрЯФ•,Cette peinture est envahissante.рЯФ•рЯСП,рЯ™ђрЯ©ЈрЯ™ђрЯ™ђрЯ©ЈрЯ©Ј,this image @The._art.factory,alive,рЯСПрЯСПрЯСП,BeautifulрЯФ•,"In a world where everything has become mechanical, artificial, and digital, we have combined the original art of paintingрЯО® with the рЯІҐindustry of clothingрЯ•Љ so that you can have your desired design on your clothes in a unique way.",рЯШНрЯШН,Tr√©s joli et tr√®s r√©ussi bravoвЭ§пЄП,So beautiful,Superb,Beaty,рЯФ•рЯФ•,вЭ§пЄПвЭ§пЄПвЭ§пЄПвЭ§пЄПвЭ§пЄП,Vibrant beauty ! рЯСП,Very nice рЯСН,Fantastic рЯЩМ,вЭ§пЄПвЭ§пЄПвЭ§пЄПвЭ§пЄПвЭ§пЄПвЭ§пЄПвЭ§пЄПвЭ§пЄПвЭ§пЄПвЭ§пЄПрЯЩМрЯФ•рЯШНрЯСП,вЭ§пЄПвЭ§пЄП wow,рЯСПрЯСПрЯСПрЯСПрЯСПвЭ§пЄПвЭ§пЄПвЭ§пЄП,Maria time call me вЭ§пЄП love my life homet call me he,AMAZINGрЯ©Ј,This striking digital portrait with the bold red headscarf and intense gaze is absolutely captivating! The textured brushwork effect and warm earth tones combined with those dramatic shadows create such powerful emotional depth. Bravo! рЯО®рЯС©рЯПљвАНрЯО®рЯФ•рЯТГрЯПљвЬ®рЯІ£,вЭ§пЄПвЭ§пЄПвЭ§пЄП,Spectacular work!вЭ§пЄПрЯФ•,вЭ§пЄП,вЭ§пЄПвЭ§пЄП,рЯШНрЯШНрЯШН,вЭ§пЄПвЭ§пЄПвЭ§пЄП,вЭ§пЄПвЭ§пЄПвЭ§пЄП,WowрЯЩВ,рЯФ•рЯСПрЯФ•,"Merci beaucoup pour vos #commentaires, c'est une aide d√©cisive pour nous #createurs, je vous suis, vous commente aussi, alors soutenons notre amour #artistique pour s'√©lever vers des #sommets toujours plus haut рЯФ•рЯФ•рЯФ•вЭ§пЄП",BellissimaрЯШН,Hello... please cek DM,рЯФ•рЯФ•рЯФ•,"Quand elle approche,te regarde droit dans les yeux , envfaisant cliqueter les pendentifs √†  ses oreilles, avouons qu'on recule un  peu !",вЭ§пЄПвЭ§пЄПрЯФ•,Amazing рЯШН,Beautiful рЯСП,рЯШЃрЯШЃрЯШЃрЯШЃрЯСПрЯСПрЯСП,–†–Њ–±–Њ—В–∞ –≤–∞—И–∞. –Ь–Њ–ґ–љ–∞ —В—Ц–ї—М–Ї–Є –±–Њ–Љ–±–Њ—О –љ–∞–Ј–≤–∞—В–Є рЯФ•рЯФ•рЯФ•рЯФ•рЯФ•рЯФ•рЯФ•вЭ§пЄПвЭ§пЄПвЭ§пЄПвЭ§пЄПвЭ§пЄПвЭ§пЄПрЯШНрЯШНрЯШН,"C est magnifique рЯФ• le choix des couleurs. рЯФ• le visage est parfait ,le regard рЯФ• fille sage regardant l objectif. Sublime вЭ§пЄПвЭ§пЄПвЭ§пЄП",рЯФ•вЭ§пЄП,вЭ§пЄПвЭ§пЄПвЭ§пЄП,вАЬWeвАЩre not chasing hype. WeвАЩre building digital legacies.вАЭ рЯЦЉпЄП,"вЭ§пЄПвЭ§пЄПTr√®s Cher C√©dric tu nous tu√© sauvagement avec tes belles et unique cr√©atures !!! En va te dire maintenant oncor plus рЯФ•рЯШНрЯФ• presque en meur d'envie  de voir oncorрЯСП et oncor рЯСП ,,,, Elles ont une sacr√© individualit√© et message chacquin ,,,,,, J'ADORE !!! вЭ§пЄПрЯСП",Super!,вЭ§пЄПрЯЩМрЯФ•вЭ§пЄПрЯФ•вЭ§пЄП,вЭ§пЄПвЭ§пЄПвЭ§пЄПвЭ§пЄПвЭ§пЄПрЯСПрЯСПрЯСПрЯСП,Fabulous вЭ§пЄП,Tr√®s jolie рЯШНрЯСПрЯСПрЯСП,Fabulous вЭ§пЄПвЭ§пЄПвЭ§пЄПвЭ§пЄПвЭ§пЄПвЭ§пЄПвЭ§пЄПвЭ§пЄП,Beautiful,рЯШНрЯШНрЯШНрЯФ•,–Ъ–ї–∞—Б—Б,Splendide !вЭ§пЄПвЭ§пЄПвЭ§пЄП,вЭ§пЄП,рЯШНрЯШН,вЭ§пЄПвЭ§пЄПвЭ§пЄП,рЯШНрЯШНрЯШНрЯШН,рЯСПрЯСПрЯСП,рЯЩМрЯЩМрЯШНрЯШНрЯШН,рЯШНрЯШНрЯШНрЯСПрЯСПрЯСП,Merci Loes рЯФ•рЯФ•рЯФ•вЬ®вЬ®вЬ®bonne soir√©e,вЭ§пЄПвЭ§пЄПвЭ§пЄПвЭ§пЄП,SheвАЩs gorgeous рЯТЩ,Sublime une intensit√© incroyable рЯСПрЯСПрЯСПрЯФ•рЯФ•рЯШН,D√©termin√©e √† se battre sans aucun √©tat d'√Ґme рЯЩМ j'adore рЯШНвЭ§пЄПрЯШНвЭ§пЄП,рЯ•∞,Sublime,рЯСПрЯСПрЯСПso beautiful,рЯФ•рЯФ•рЯФ•,Quel regard per√Іant et envo√їtant qui transperce de sa flamme mon c≈Уur d√©boussol√© рЯ•∞. Merci de r√©veiller cette fragilit√© en moi рЯ§Ч,рЯФ•рЯФ•рЯФ•рЯФ•belle!!!,е§©еУ™пЉБеЙЫжЯФдЄ¶жњЯ,вЭ§пЄПвЭ§пЄПрЯФ•рЯСПрЯСПрЯСП,Wow. May our days sparkle with true love and glow with endless happiness.,Me encanta la luz que has logradoрЯШНрЯШН,,"Dessin toutes beaut√©, f√©licitations pour votre ≈Уuvre remarquable.",Beautiful вЭ§пЄПрЯМЇвЬЕ,Woooow! Stunning! вЭ§пЄПвЭ§пЄПвЭ§пЄПрЯФ•рЯФ•рЯФ•,вЬ®niceвЬ®,рЯСПрЯСПрЯСПрЯСПрЯСПрЯСПрЯСПрЯСП,What eyes!!! Great рЯСПрЯСПрЯСПрЯСПрЯСПрЯСПрЯСПрЯСП,Sublime вЭ§пЄПвЭ§пЄПвЭ§пЄПвЭ§пЄПвЭ§пЄП,Magnifique рЯМЄ,рЯСПрЯСПрЯСП,рЯШНрЯФ•,beautiful рЯШНрЯСП,рЯСПрЯСПрЯСПрЯСПрЯСПрЯШНрЯШН,вЭ§пЄПвЭ§пЄПвЭ§пЄПвЭ§пЄП,вЭ§пЄПвЭ§пЄПвЭ§пЄПрЯФ•рЯСПрЯСПрЯСП,рЯСПрЯСПрЯСП,Compl√®tement fan рЯШН j'adore рЯ•∞,рЯШНрЯШНрЯСПрЯСПрЯСПрЯСПрЯСПвЭ§пЄП,Fantastic рЯСПрЯСПрЯСПрЯСПрЯСПрЯСП,рЯФ•рЯСПрЯСПрЯСПрЯСПрЯСП,рЯСПрЯСПрЯСП,J√© taime рЯШН,Yes please рЯФ•,рЯЩМрЯЩМрЯЩМрЯСПрЯСПрЯШН,BEAUTIFUL рЯСП,Gorgeous рЯШНрЯШНрЯШНрЯТЂрЯТЂрЯТЂ,Share it вЭ£пЄП @artt_magazine_,рЯТХвЩ•пЄП,Send this PicрЯМє @the._art.factory,,,,,,,,,,,,,,,,,,,,,,,,,,,,,,,,,,,,,,,